﻿<?xml version="1.0" encoding="utf-8"?><bwFonts xmlns:xsi="http://www.w3.org/2001/XMLSchema-instance" xmlns:xsd="http://www.w3.org/2001/XMLSchema" fontfactoryurl="story_content/FontFactory.swf"><font id="00" name="Open SansBold Charset1 5pZlAqtOkJp"><glyphs><g i="0" c="384" p="#^DP$v%jL$v%UIDmMI7mrIzk6I_i3Isi$H6jIHzkpH0mfHEm%RE$v%yA$v%$v9e%Jz9e%$BUnBCAqSCzsXCSrcDpqtDYoID8o%iG9e%TJ9e%tM8oEMPoUMcq9NAriNzspNCrGNbqYNMoaOUn%rQ9e%aU9e" /><g i="1" c="385" p="#^VA8pVAarABdsfCgtLDgteFgtUFesyGbryG8pyG6nTF6mdF5lJD5leC5lzB6mVA6nVA8p^mK8pmKusBInuRGfwIDfwKBfweAovKywuWxVs6xir6x8p6xOlSyYjCA5iMD5iKF5ieHYiKIOjyJplmK$mmK8p" /><g i="2" c="386" p="#^DH$v%7Hfu%WGfukGcvdFKv7EfwJCfwjAfw5zZuTxGtTxfr%Txmi%BBmi%BBkqBBNr6CxsEChtODhtmFht2GesLGbrLGMo%LGmi%uKmi%uK$v" /><g i="3" c="387" p="%^GB$vYx$vYx$cGB$c" /><g i="4" c="388" p="#^gCfwSzfwuynu6xvs6xbp6xQlvyZjVz5inC5iYE5iiG5k%qG5k8Gzi8Gmh%8G$c%TJ$c%TJ$v%0H$v%iGeu%8GeuTEfwgCfw^ADht$EhtGFsslGCrpGDp%pGdppG0nJF4m2F7lwD7lgC7lABbmUAenUAfpUAgrABhshChtADht" /><g i="5" c="389" p="#" /><g i="6" c="390" p="#^$vmi%3Ami%EC1qZC1r5Dos%aDosiD8rHD1q%dGmi%dKmi%rEKxEDTzaCXAIA$BKy$BNx$BRwNB%RwQywx$yjy$yiz$y1AoyNANxbBzw%pBVv" /><g i="7" c="391" p="#^NxPeNx$cPz$cRB$cRBPeRBHfkBagQAFgPzFgNxFgNxPe^GB$v%Yx$v%Yxmi%GBmi" /><g i="8" c="392" p="%^wBAo8DvmZGmi9LmiLFgovL$vcH$vgDtqGBLrGB$vYx$vYx$cGB$cGBtltBAo" /><g i="9" c="393" p="#^BDLkpCLkKBvl4BemZADn%bGDnaGemtFvlNELkBDLk^7EfwQAfwZyru6xCs6xgp6xQlQyZjyA5iAD5itG5i4ILjHJolHJio%HJ6q%UA6qYAHrQBBsICutiEutwFutCGetJHZsWIps%WIhvXHMvQG$vJFfw7Efw" /><g i="10" c="394" p="#^IDhtGEht2GRs%2GDvFEfwDCfwoAfwmz6vlyZtlyKr%ly9l%zw9l%zwAj%Dyki%Hzsf%4Csf%4Cmi%VFmi%VF9l%4C9l%4CJr4CwswCVsZChtIDht" /><g i="11" c="395" p="#^zF5ikG5iQGci%yGHl5GzlsFzlFDzlFCumGBonGB2p%GB$v%Yx$v%Yxmi%MAmi%jBEk%vBEk8CujdDOiiE5izF5i" /><g i="12" c="396" p="#^tHYrtH2u$F9vyEfwEBfw9Afw6z2w3yRv8xsv%8xnsaySstzctNAxtMBxtNDxtNDlsNDVrwDErfDmrBC0rXBGqQAcqgzypwy_oNxqorxIn6xZm6xVl6x4kwy5jXz5iwC5i_E5ijH9j%bGSlaFplhE8loDSksCSkPASkPALlPAfmlBDmTB_mGDIngFlo$FVoLGtp6HcqtHXqtHYr" /><g i="13" c="397" p="#^9K$v%rG$v%rG1orGxmXFPlsF4loE4lZC4ljC7mGBanGBAp%GB$v%Yx$v%Yxmi%OAmi%iB5k%vB5k1C9j4DDi7E5itF5ixI5iCJ5k%XJ5kvK8jzLDiDM5iZN5iiQ5iuRhjGStkGS5n%GS$v%XO$v%XO1oXOxmrOPlYN4lUM4lwL4lQK2m9K0n9K8p" /><g i="14" c="398" p="%^aJ$v7IdrIGblCGbl7E$v7A$vewmiYzmiwBoo#VB0qiCTsmCTs#qCXrOCWp_CUoGEmiNIminKUo#qK9pxKHp#EKcqKKOq#QKorVKZr#_Kxs$KTs4LTs#bL_rtLsq#LLWoTLoovNmi9RmidN$v" /><g i="15" c="399" p="#^yK$v%QG$v%QG1oQG4lDE4l3D4lmC8mGBbnGBAp%GB$v%Yx$v%Yx$c%GB$c%GBSgGBjhAB_i%vB5k%HB5kXC5iFF5i3I5iiJojyKGkyK5n" /><g i="16" c="400" p="#^vF9l%gC9l%gC$v%yy$v%yy9l%vw9l%vwmj%yymi%yylhyy0fHzYdRATcnDTciFTcOGrd%RFagJEQfMDQf_CQfDCiggCMggCvh%gCmi%vFmi" /><g i="17" c="401" p="#^vF9l%gC9l%gC$v%yy$v%yy9l%vw9l%vwmj%yymi%yylhyy0fHzYdRATcnDTciFTcOGrd%RFagJEQfMDQf_CQfDCiggCMggCvh%gCmi%vFmi^bP9l%YL9l%YL$v%eI$v%eI9l%bG9l%bGmj%eImi%eIlheI0fnJYdxKTc3NTc_OTcuQrd%xPagpOQfsNQfGMQfjMigYLMgYLvh%YLmi%bPmi" /><g i="18" c="403" p="#^mz4q%mzapmz$nSz8nmAgmHBhlZCmknDOjNDdjNDwiNDJhcDjhDCUgzBUgKzUgox4i%3wpfNyUdRBUdlEUdQF5fjHigjHjijHFjIGEk5GCloEQmdDInVC9oBCCoBClp%BC4q^ZyfuZydtwzIs3Aas7Bas7CasGCIseDeteDfueDcvGCMv7Ckw7Bkw5AkwxzNvZyevZyfu" /><g i="19" c="404" p="%^ODvlwH9eBL9eGF2pGF$vVB$vVBap_v9e5A9e" /><g i="20" c="405" p="#^uDfw6xfw6xfp6xMlRyXjAA5iPD5ibG5i4I0j%ZGUl5GxlkFjlAE5lPD5lVA5lVAdpVAetPDetUEetPFYsKGFsEH2s%EHevKGOvPF0wUEfwuDfw" /><g i="21" c="406" p="#^rFfw1DfwGBvu%tBvuGBcwGBtw%GB$B%Yx$B%Yxmi%ZAmi%vB6k%GB6k_C5iyF5iYH5ikJZjIKQlIK8pIKkr3KYsqJzueIpv2HfwrFfw^lE4lZC4lkCWlHBMmGBJo%GB7pGBkrkChs_CetoEetVGetVG5pVG4nhG4mGF4llE4l" /><g i="22" c="407" p="#^BDkt0FktGFwslGIrpGGp%pGdppG0nJF4m2F7lyD7lVA7lVAfpVAirzBjsdCktBDkt^gCfwSzfwuyou6xws6xbp6xRlvyZjVz5ilC5iED5iBEAizF3jiG5k%pG5k%KGmi%TJmi%TJ$B%8G$B%8Ghw8GxviGeu%8GeuyFdvyEKvzDfwgCfw" /><g i="23" c="408" p="#^yK$v%QG$v%QG1oQGxmiGPlNF4lDE4l3D4lmC7mGB9nGBAp%GB$v%Yx$v%Yxmi%OAmi%iB5k%vB5k7C5jdDBijE5iIF5i4I5ijJnjyKFkyK5n" /><g i="24" c="409" p="#^yF5iYH5ikJ_jIKSlIK8pIKxshJouTHfwrFfw1DfwGBvu%pBvu%OA$v%Yx$v%Yx$c%GB$c%GBqhGBfiwB6k%GB6kZC5iyF5i^lE4lZC4lkCWlHBMmGBJo%GB7pGBkrkChs_CetoEetyFetdGasVG6rVG5pVG4ndG4mxF4llE4l" /><g i="25" c="410" p="#^QJli%QJdk%HHNkhIHlhIRmhI1pKGgqcFvruCvr%PBsr%gBorHAQrHAnsHAatLCat%3FatjHatuI8uGJ5vGJZwGJmzGHGAGF$BXB$B4z$Bzx$A3w$z3wdy3w_wQw9wCxkv5zZuwyJu5yauGxCtGx_sGxds6yIrzyarqzGqlycqJxbp5x9o5xMm5xxkyyjj$z5iHC5igD5i2EbiREhi3Fli^hzWxhzHy0A7zMAAz5CAz5EAzeF0znGtynGwxnGLwIFsw1FawDDaw%HBawGAawZzEwhz7xhzWx^EAPmEAXn8BBoFBepHCepLDepeEBoJEXnJEPmJEmkHCmkEAmkEAPm" /><g i="26" c="411" p="#^qxfuqxdtZxIswyaszzasAAas7BIsHBetHBfuHBcv7BMvzAkwzzkwyykw_xNvqxevqxfu" /><g i="27" c="412" p="%^wI$vey$vey9ewI9ewIfh0Cfh0Cal3Ial3Igo0Cgo0CTswITs" /><g i="28" c="413" p="#^CG$v%UF8u%NF8uREjvRDNvSCfwgBfwizfway7v2x$t2xWr2xLpzyJo4AHn8DAn%vFwn%vFVmvFRkoDRkLBRkyzQl%jyjjGA4ixD4ihG4iKHhjcJtkcJVm%cJ$v^vFHp%3EKpsCNpFBjqSARqSAYrSAxtGCxtYDxtJENsvF1svFOq" /><g i="29" c="414" p="#^vF9l%gC9l%gC$v%yy$v%yy9l%vw9l%vwmj%yymi%yylhyy0fHzYdRATcnDTciFTcOGrd%RFagJEQfMDQf_CQfDCiggCMggCvh%gCmi%vFmi^tHPetH$cvJ$cxL$cxLPexLHf0LagwKFgvJFgtHFgtHPe^mL$v%EH$v%EHmi%mLmi" /><g i="30" c="415" p="#^qxfuqxdtZxIswyaszzasAAas7BIsHBetHBfuHBcv7BMvzAkwzzkwyykw_xNvqxevqxfu^qxakqx8jZxDiwy5izz5iAA5i7BDiHB9jHBakHB9l7BIlzAfmzzfmyyfm_xJlqxalqxak" /><g i="31" c="418" p="%^bB$v$vmiUzmiwC7q#ZCBr4DWs8DWs#cDLrHD7qjGmidKmi0F$v" /><g i="32" c="419" p="%^rH$vFw$vFwOt_Ccl2xcl2xmidHmidHMk4B9trH9t" /><g i="33" c="420" p="#^0Czm%gDzm0FzmTFTlLGalLGRjLGwi0GUhiFfhLDfh%0Cfh^AKJjAKBmMI7oZGFpEDFp%0CFp%0C$v%ey$v%ey9e%XD9ebH9eTIyfAKXgAKJj" /><g i="34" c="421" p="%^0B9ewACk6yCkCx9e" /><g i="35" c="422" p="#^rO2nrOureMTt1KfwXFfwRBfwEzTtrxurrx1nrxziEzdgRBTdZFTd4KTdfMfgrOCirO2n^pB2npB2qyCzrHD4tXF4ttK4ttK2ntK1hZF1hID1hyCyipB3kpB2n" /><g i="36" c="423" p="%^CM$vjI$vDDto0CDp0C$vey$vey9e0C9e0CjmwDdkmI9eyM9ekG2m" /><g i="37" c="424" p="#^QF2hHD2hwCFilBfklB7nlB5tQF5tIH5tnK8s%nKkvbIfwtFfwABfwvzUtrxwrrx5nrxjksyditz7gmB0fgDUdQFUdqIUd2L8f%QJdiQILhPHphOG2hQF2h" /><g i="38" c="425" p="%^ey$vey9e1C9e1C$v" /></glyphs></font><font id="10" name="Open Sans Charset1 62KITTGKG5F"><glyphs><g i="0" c="384" p="%^_C4nLH9e$J9e1E4p1E$vXB$vXBap$v9egy9e" /><g i="1" c="385" p="#^ODfwQAfw6zruoxDsoxqpoxam_yhkAAnigDniNFnifH1kJIGlJIoo%JIGp%vzGpzz1sHAgtPBuuTDuu1Guu8IAt%8Inv3HRv6G2w9FfwODfw^fD4kEB4kGA7lJzamyz1o%yG1oyG6mHF5lQE4kfD4k" /><g i="2" c="386" p="#^MGlsMGdunFev_DfwtBfwPyfwkxov%kxwthy$toziuvAAuwBAu6DAuYD4uPEztPEwsPEKr7EbrsDDqvBSpDzapQyFo2y7oFxtnhxPmhxUlhxgkCykjYznigCniqEniuGfj%MFVkLD4k7C4kGA4kXzxkdzZkdzMldzimuzHmMz3nnApn_AKnJCoo5FfpWF8qMG0rMGls" /><g i="3" c="387" p="%^oM$v0K$vgA0haA0h#mAFjmARlmA$vsy$vsy9eOA9ewK3tCK3t#BKKsvKYq#qK9prKoorK9eoM9e" /><g i="4" c="388" p="#^HJipHJzs1IpuoGfwuDfwHBfwiApvVyzu8y_soxproxipox0m1zckGAnizDninGni1IfkHJ6mHJip^vzhpvzSrwActyByuxDyuwFyuyGctAHSrAHhpAHKmyGqlwF5kwD5kwB5kvAplvzImvzhp" /><g i="5" c="389" p="#^XN2nXNkrMLOtCJfwLFfwOBfwFzRtwxqrwx1nwxGiFzhgPBTdMFTdCJTdMLjgXNLiXN2n^Jz2nJzHqfBzsOCruLFruJIrudKzsKLHqKL2nKLsjdKBhJIKfMFKfOCKffBChJztjJz2n" /><g i="6" c="390" p="%^lL$vUI$voClnwA$owA$vsy$vsy9ewA9ewA$mCI9e3L9eUDVl" /><g i="7" c="391" p="#^4GLf8DLfrBIhKzFjKz4nKzAqnBvs0Dpu3GpuWHpujKKt%jKyvtIfwKFfwOBfwFzStwxsrwx2nwxhkyyciAz7gwB0ftDUd6GUdWIUd0LVe%8KHg5ILf4GLf" /><g i="8" c="392" p="#^fEni8FniRFwi%zFokKEdk5EdktCdkjBxlaARmaAPo%aA$v%8y$v%8yDi%PzDi%2A5l%8A5lUANjXB4j_CnifEni" /><g i="9" c="393" p="#^uDfwAAfw_ysuoxFsoxopox1m$yckDAniDDniBEniyFAiwGNi3H3j%sGNkNFwk_ElkbEakADakvzakvznpvzRruAatuBuurDuu6FuuTGLt%TGyvxFfwuDfw" /><g i="10" c="394" p="#^tCAu$CAuvDvu$DpuiEku%iETvZD1wkD8wHCfwaCfwhyfwhy9s%hyck%nwck%nwdj%hyni%8zxf%jAxf%jADi%cEDi%cEck%jAck%jA3sjAhtUAXttBAutCAu" /><g i="11" c="395" p="%^sy$vsy9ewA9ewA$v" /><g i="12" c="396" p="#^iH$v%iHkniHIlyGVkPF5kdE5k7C5k8BelaAmmaAZo%aA$v%7y$v%7yDi%NzDi%7Ark%dArkRAsjYBWi4DnitEniTGni5IyjkJIkkJgn%kJ$v" /><g i="13" c="397" p="#^wIfrwICtOGXu5FfwaCfw$yfwhxqv%hxqtoyUtGzauZArueCrujErumFEtqGRsqGrrqGwq2GWpGFkpOEQoWDko8CHnFzOmAyAlwxmkwxoiwxkg3z6fDAUdaDUdQFUd3ISe%qHGgcFLf7DLftBLfyAsgDz9hDzqiDzljYzXjiAxk6B1lWBwlBD6mpG7nsHgowIppwIfr" /><g i="14" c="398" p="%^aA$v8y$v8y$caA$c" /><g i="15" c="399" p="#^nG$v%ZF5u%TF5uTElvTDOvTCfwoBfwpzfwgydv8xbu8xis8xfoDD2o%UF_n%UF8nUFAldFQkyE4k2D4knB4kgz5l%EyyjDz0jOAJi_BpiaDpizFpiJGtjTHwkTHSm%TH$v^OBAuHDAuMEytRFvsRFDq%RFqp%PDvppBApkAfqgzWqgzksgzptWz$tBAAuOBAu" /><g i="16" c="400" p="#^bP$v%bPhnbPHlvOUkQN5koM5kuK5kAJblHIgmHIwo%HI$v%FG$v%FGhnFGHlZFUkiF5kRD5kXB5k2BelaAnmaAZo%aA$v%8y$v%8yDi%NzDi%7Ask%dAskNAtjQBWiTCniaEnijHnigIDk%nIDkZIBj5K_ieLniHMniYOni4QyjdRIkdRgn%dR$v" /><g i="17" c="401" p="#" /><g i="18" c="403" p="#^RvIAIuIA1umA%1uByVuRyRvRy2xRyGx6yjynxjy$v%jy9e%oA9e%oAQvoA8ydzqz2yIARvIA" /><g i="19" c="404" p="%^4J$vCG8o#oGqnLFTkFFTk#9F0nNEaogC$vWz$vgwDioyDi#HzFnmAiq#2BWs8BRtfBRt#nB9tGB2s#ZBXqcCiqFEDiRGDieJiq#WJosaKPtgKPt#jKntxKts#LKyr4NDiaPDiuL$v" /><g i="20" c="405" p="#^mEpi$GpisIckVJ$lVJipVJBsrIquZGfwmEfw3DfwZBMvUAhvaAhu%0Ahu%Bz$v%8y$v%8y$c%aA$c%aAChaAaj3Apk%aApkABpimEpi^3E6k$B6k4BilaAumaAipaA6s6Bkt2Cyu7Eyu_FyuUGbtPHPrPHgpPHFmUGol_F6k3E6k" /><g i="21" c="406" p="#^2ADi%2Air2AWsNAKtxByu7DyudFyubGpt9Hfs9HEp%9HDi%bJDi%bJ$v%wH$v%dHcu%6HcuuGbvnFJvhEfwSCfwqAfwcz5v$xWt$xnr%$xDi" /><g i="22" c="407" p="#^sy9e%uD9e2H9eDIdfdKggdKzidK9kkJblsIdmLGxm%LGEmPKlnPKWqPKjtbJFuAH$vGE$v%sy$v^wAOl%XDOl8GOl5H6l3Ipk3INi3Ihh_GDgWFYfADYf%wAYf^wAzn%wAeu%fEeupGeuvHptBIzsBINqBI6ptHlomGzn4Ezn" /><g i="23" c="408" p="#^aA$v%8y$v%8yDi%aADi^Zx$eZxiejy_dFyFdazFdFzFd$z_dmAjemA$emAGf$z0gFzmgazmgFymgjy0gZxGfZx$e" /><g i="24" c="409" p="%^lG$viAagbAag#mA2imAEkmA$vsy$vsy9eAB9edHTskHTs1N9e7Q9e7Q$v2O$v2Ovk#2OwidOcg7Ocg0I$v" /><g i="25" c="410" p="#^aEbk%MAbk%MA$v%Ky$v%Kybk%lwbk%lwgj%Kyyi%KyOhKyTc1DTc6ETcxFid%0FWeRDye0DyeSByejBjfMA3gMALh%MACi%aECi" /><g i="26" c="411" p="#^iH$v%iHlniHJlyGWkPF6kdE6k6C6k8BflaAomaA$o%aA$v%7y$v%7y$c%aA$c%aALiaANj3Atk%bAtkOAwjUBZi$CpiqEpiTGpi5IAjkJKkkJgn%kJ$v" /><g i="27" c="412" p="#^RxIuRxTtdyttBy2tiz2t$z2toAttOATtOAIuOAvvoAXv_zmwizmwGymwfyZvRxAvRxIu" /><g i="28" c="413" p="%^FJ$vsHkqiAkq5y$v$v$v2D4eOE4eQL$v^OGsoJEWi#kEShUDlg#DDwh7DWi1Bso" /><g i="29" c="414" p="#^0wDi%byDi%7Bfq4CSsjC0u%pC0uzCot3DUrADnqoGDi%zIDi%PCRxYB5APA2BGz$B0y$B5x$BbwNB%bw9ASwjAHxjANzjAGAZx%pB3w" /><g i="30" c="415" p="%^ry$vry9ewA9ewA7uoI7uoI$v" /><g i="31" c="418" p="#^5JDi%5JVj%DGckYGDkdHjlvH$lvHSmvHQo9G$pPEartCarSBarlB3r2ALr2AOs2AltvACtYATt2CTt%qETtBGTtLHOuWIIvWIrxWIFz8HQAmF$BXB$Bjz$BUx0Btw2Atwfytw1xfx8w1yfvszXuXyIuAydueyKtey4teylsDyOr0zfrSzKqQyjqayipwxgowxXmwxLkQyzj9AniACniDDnitEDi^qyeyqykzkzUzfAsAZBsAwEsAKFHzZGWyZGCxZGwwiG5wDFHvMDHv%lBHvZzHvbzlwqy$wqyey^wzVmwziojA1p6BLpxCLpvFLpvFSmvFSjuCSj3BSjhADkwzolwzVm" /><g i="32" c="419" p="#^wAAo%wA$v%sy$v%sy9e%lD9eDG9ebIpfMJFgMJbjMJKmaGZn%0L$v%zI$v%fEAo^wAOm%mDOmzFOmAGWlCH2lCHijCHxhzGLgxFZfdDZf%wAZf" /><g i="33" c="420" p="#^RxIuRxTtdyttBy2tiz2t$z2toAttOATtOAIuOAvvoAXv_zmwizmwGymwfyZvRxAvRxIu^RxVjRxhiizhiOAhiOAVjOAJkoA9l_zAlizAlGyAlfyblRxOkRxVj" /><g i="34" c="421" p="#^MJljMJ3mVHxn3G_oDC_o%wA_o%wA$v%ry$v%ry9e%4D9eMJ9eMJlj^wAcn%oCcn8FcnmGjmBHplBHsjBHGhrGPgiFYfRCYf%wAYf" /><g i="35" c="422" p="#^gA5t%sAmt7ABuxzcwXyPxhydz%Mwdz5xXxux3wUxcu2y5t" /><g i="36" c="423" p="#^mEfw3DfwZBMvUAhvaAhu%0AhuaAsvaAvw%aA$B%8y$B%8yDi%NzDi%3Ark%aArkYAlj_BSi0DnimEni0HnisIbkVJ$lVJipVJBsrIquZGfwmEfw^3E5k0C5k5BelbAmmaARo%aAhpaA6s6Bkt2Cyu7EyuRFyuQG8tPHKrPHgpPHMmQGrlRF5k3E5k" /><g i="37" c="424" p="#^eHcu%7HcuKFfwXCfwjAfwRysuoxFsoxlpox1mSyckkAniXCniFFni6Hlk%gHlk%bHnj%7Hri%7H$c%9J$c%9J$v%wH$v^bDyugFyubGqt7Hhs7HMp%7Hlp7HvmaGileF4kaD4koB4krAtlvzRmvzmpvzWrrAetnByubDyu" /><g i="38" c="425" p="#^8A8pGAooLBbn%3GDi%tIDi%2Djo%RI$v%oG$v%GBGp%8A_q%8A$v%8y$v%8y$c%8A$c%8A3n8AKn2A8p" /><g i="39" c="426" p="#^HMVmHMjrhKFtUH$voD$v%ry$v%ry9e%VD9e4I9enKtgHMMiHMVm^uKZmuKujKIJh_GYfxDYf%wAYf%wAcu%2DcuLGcuCInsuKyquKZm" /><g i="40" c="427" p="#^ww$Bmv$BEuHB%Eu2AuviAiwiAfxiAHxMz8yfz8yby%8yDi%aADi%aA2yaA$Bww$B^Zx$eZxiejy_dFyFdazFdFzFd$z_dmAjemA$emAGf$z0gFzmgazmgFymgjy0gZxGfZx$e" /><g i="41" c="428" p="%^tz$vTG1g8x1g8x9e0J9e0JMfJB$v" /><g i="42" c="429" p="#^OC6lCF6ldHvmRIUnRIkqRI5t4HGujFfwdCfwbzfwCxhv%CxkttyTtKzbu0BvufCvuoEvuAFutMGtsMGyqMGQmbCQm1BQm5zan%2yvm%Jy9e%BH9e%BH1g%sA1g%$znlpB6lOC6l" /><g i="43" c="430" p="%^NJVr8HVr8H$vcF$vcFVrwwVrww7q_E3e8H3e8H3qNJ3q^cF3qcF7k#cFnijFagdFag#EElh7E7iyy3q" /><g i="44" c="433" p="#^hIlihI2kjH8lmGemBEBm%BEHmLGZmNH3oQI9pQIXqQIvt2HTuhFfw1CfwCAfwqz1wfyPv8xhv%8xmtiyWtCzeuWAxu5CxuJGxuJGUqJGFnDBFn%SzFn%SzVl%EBVlKDVlYE_kaG2kaGqiaG6hgFngnEDfRCDfGBDfDAXfBzfggy6h%exKflyTeMzoecBUdOCUdoFUdQG4fhIgghIli" /><g i="45" c="434" p="%^Uz9eozCk6yCkCx9e^oE9eUDCkCCCk6C9e" /><g i="46" c="435" p="%^0xdq0xno0Dno0Ddq" /><g i="47" c="436" p="#^wz4r%wzpqwz_oYz3opA8nBB6mgDJkHD0k7Eij7Eii7E2hkDngxCIf1BIf3AIf8zWfey8g2xLg%kw5fDyUd8BUduDUdME1f3Gag3Ggi3G9jQFRjBFwk7F7lFEJl7D3nUB6ouBPo5Bvp5BGq%5B4r^WyIuWy2toA2t5B2ttBttSBUtSBIuSBuvtBWv4BmwoAmwLzmwkzZvWyAvWyIu" /></glyphs></font><font id="20" name="Arial Charset1 6gr6hAwVkSJ"><glyphs><g i="0" c="880" p="%^_x$v_x5eVK5eVKcgmAcgmAHleKHleKOnmAOnmAUtkLUtkL$v" /><g i="1" c="881" p="%^Fx$vFx5eSz5eSzio2F1jVH1jXCRnpI$vHF$vnBmpSzRqSz$v" /><g i="2" c="882" p="#^Mw7s%XyNr6z4tXzNtNAuuiCuuPDuuyETthFfthFqshFGrDEfraEYqnCvqYzUp0zsp4y$oBxdo7xqn7xtm7xBlwxSkVx7kByDj6zfj$z$iUAKiVBKirDKiBEajLFCjiGmkRG6l3Hnm%VEGmLEFl2E6llDyk3CykyAykUz2lfzylfzcmfzEmwz_mNzknmAznHAHniC7oEELozF9puGyp0HjqyH3ryHbsyHhtUGfufGdv1FMvQDiwjCiwNziwsyfv7xbuMw7s" /><g i="3" c="883" p="#^ExZA%Ex1j%Ez1j%EzIklAJjeBej7CKioDKi2FKijGBjBHrkeI$lUIynUIppUIpraI$ssHBu5GsvKEiweDiw8CiwgBQvoAmvRzEu%RzZA^DzApDz4sDAhtEBuu4DuuxEuuAFftDG$rDGopDGVmBFHlAEsk9DskMBskHAMlDz4nDzAp" /><g i="4" c="886" p="#^xGPr%OI6sfI5uOGcvlFiw5DiwfAiwAyyuWwNsWwDpWwlmByykhAKiZCKiAFKidHvkTIgmTIupTIGpSI4q%bz4qizcsoAltuBuu6DuujEuuaFRt1GctxGPr^jzgo%zGgopGDmJFPlFEyk$CykuByksAzlqzzmjzgo" /><g i="5" c="887" p="#^4G$v%4GmuQEiwrCiwUAiwAzrvhyAuzx2tSwwrSwwpSwAnvx$l8ypkrzAjKAKikCKivDKipEejkFJjVFvk%VF5e%6I5e%6I$v^7zwp7z$raAftdBuuECuu5Euu5Fjt6G7s6GIp6G1n4FOl2EykyCyk4Byk5ALl7zXm7zwp" /><g i="6" c="888" p="%^FxDgFx5eSz5eSzDg^Fx$vFx1jSz1jSz$v" /><g i="7" c="889" p="%^ky$vky5eIA5eIA$v" /><g i="8" c="895" p="#" /><g i="9" c="896" p="#^Ex$v%Ex1j%Dz1j%DzSk2BKiLDKiWEKiVF9jUGzjnHfkSHXk3ITlbIumbI$n%bI$v%_F$v%_F6o_FMmJF5mtFqlPE1l9EEkhDEkTBEkSAxlRzqmRzVo%Rz$v" /><g i="10" c="897" p="#^sC1u%MCZvQBaw5BawUzawezOvAypvjyOu2yau2ybs%2yKk%qwKk%qw1j%2y1j%2yPf%fAve%fA1j%sC1j%sCKk%fAKk%fAjsfAgtmAxttAOtKAZt$A7uuB7uRB7usC1u" /><g i="11" c="898" p="#^6GpuTErvLDTvDCiwkBiwbziw2yfvVwcuVwAsVwDrkxRqMx2qtyApaz5p2ARoHAGo$BvoFEcoWFMnXFjnXFbnXFRljFhltEykPCykgBykwA5lNzDlrz0n%hxJmzxkleyukVyEjaAbjsBKi7DKiNEKiPF7jSGvjlH5kQHHk0IBl8I9m8IDn%8Izq8IDthIruqIfvRI$v%yG$vcGjv6Gpu^WFupJEZpjCjqZAvqpALqSz$qyztrfzXrfzwsfzotVz_tAAAuSBAu7DAu6E0u5FstzFusWFLrWFhq" /><g i="12" c="899" p="#^Wx$v%Wx5e%FE5erG5eoHfeIIueBJ5fuKIf1LQgALXhALgjALyl7K8nGIJoTEJo%iAJo%iA$v^iACm%VECmcHCmaILl8JUk8Jlj8JdizIqh$HCg4HmgtGcgSEcg%iAcg" /><g i="13" c="907" p="#^Dx$v%Dx1j%Cz1j%Cz_kmACj$AajEBKipCKiwDKiGErj%UDtl5D$kiC$kAB$k$ArlrASlbADmQzOnQzcp%Qz$v" /><g i="14" c="909" p="#^Ex$v%Ex1j%Cz1j%CzRkdAUjeBjjfCKiyDKi_EKiVFkjQGWjcH$kLIKidLKi8NKiaOOjdPSkdP5n%dP$v%0N$v%0NQn0NvmOMWlBMll1M$ktLEkJKEklJEkrIylyHsmyHso%yH$v%lF$v%lFznlF5mOEnlgEEk2DEk7CEkkB7lyAClbAymRzunRzgp%Rz$v" /><g i="15" c="930" p="#^Hz$v%Ex$v%Ex5e%Rz5e%RzukeBKioDKiAEKiEFdjJGHjpHzk5IrluIGmUIVnUIjpUIEseHtuBFiwhDiw_AiwHzmu^FzppFzKrhANsjBuu4DuuwEuuzFetDGZrDGvpDGYmCFLlCEykbDykLBykIAOlFz2nFzpp" /><g i="16" c="975" p="%^Bx$vBx5eOz5eOz$v" /><g i="17" c="1300" p="#^Ex$v%Ex5e%Rz5e%RzvknBKiJDKi9FKidGijhHSjKHSkcISlcIMn%cI$v%$F$v%$FMn$F7mhFnlzEDkgDDkhCDkqB7lzADlcAvmRzmnRzUo%Rz$v" /><g i="18" c="1301" p="#^Zv$v%RC5e%pF5e%JM$v%1K$v%YHAq%rAAq%uy$v^7BFo%cHFo%kFHjuEqh3EZfIDIh5Dpj" /><g i="19" c="1302" p="#^Sx$v%Sx5e%qB5e%EFLqeGxsvGptPGqssHxq%LL5e%XO5e%XO$v%FM$v%FM0h%rH$v%iF$v%8ALg%8A$v" /><g i="20" c="1303" p="#^8G$v%8G5uDEiw0CiwTAiwTzSvTypvoyKuWx3uJx6tBxtsBx3r%Bx1j%Oz1j%OzdqOzXrWzys7AptOAVttBpusCpusDpujEVtaFotxFwsVFErVFZp%VF1j%6I1j%6I$v" /><g i="21" c="1304" p="#^DxEg%Dx5e%Qz5e%QzEg^Ru1B%fv9zVvlziwlzZwlzixUyDxryDxFw%Dx1j%Qz1j%QzIwQz5zcz1ApygBzwgBGvgBRu1B" /><g i="22" c="1305" p="#^Qx$v%Qx5e%yE5eBG5eQHEe4JafNJjguKrhuKGiuKQjSJRkeJSl_HumBJYmtK6olLfplLPqlL3sPK8thKduvJPuJIovxHIvmG$vEE$v^cADl%3EDlEFDljGpleH8lHHwk9IUj9IYi9I3iJHohiHIgvGsgIFcgNDcg%cAcg^cAUt%FEUtPFUtgGOt5HFtEHjtbIZsyIjsVIFrVIPqVIOpoI3pTHkoYG1o2GKnlEKn%cAKn" /><g i="23" c="1310" p="#^yx_A%ixVy0y7zyy7zhz7zJzTyaADysAbyFARx7BywbBnwkB$v%pw1j%Ly1j%sBxq_BYrpCxtNC1sjDBq%5G1j%hI1j%mDdwzCmy7C9zxBfAMALA0AgBZygBkygByx_A" /><g i="24" c="1311" p="#^ex4x%nzoxwzny7AQyXAszmCszTDszIEQyxFdyQF7x$Frw_FiuyE$vpC$vKz$vgy3uOw7sOwrpOwAntx0m8yrkpzBjHAKipCKiIEKibGBk%bG1j%dI1j%dIeudIgxBHxy_GOzEFxAjEgBmCgB2AgBCydAbxazex4x^3zhp3zQr4A0t5BbuCCbu7Ebu8F0taGRraGlpaGZm6FMl3EykACyk6Byk4AKl3zWm3zhp" /><g i="25" c="1312" p="%^Vx$vVx5ekA5eKJ8sKJ5e$L5e$L$vzJ$vaAXhaA$v" /><g i="26" c="1313" p="%^2y$v2y5e7K5e7KcgqAcgqALlPILlPISnqASnqA$v" /><g i="27" c="1314" p="#^cxgncxPiBzig_BNdMFNdfINdeKZeeM8ghNgikOnkkO3nkONpdNXr7M4u6Kbv5IiwMFiweDiweB4vfzRtdyKrcxDpcxgn^EzinEzxqnBps7DguLFguqIgu9KosULvqUL2nULSk8LejpKBh_IIgzHPfNFPfgDPfsByhEzgjEzin" /><g i="28" c="1315" p="#^Zx$v%Zx5e%UF5ehI5ewJAeMK2fwLhggMvhgMZigMTk1LbmOJvndHSn9IioFIKoHJHpCK7r%IN$v%LK$v%nIgslHFqGGPp$FYotFCoXEgooE7o$D2o4D2o%lA2o%lA$v^lA$l%qF$l2H$lYHGlTIkllJBkQJRjQJZiQJIhVIUg_H4g$F4g%lA4g" /><g i="29" c="1316" p="#^8xfq%nz2qxzor6AfsHA6tUBFt6DbuEEbu_Fbu0HNt3IntzIGs4JZr4J7r4JiqBIGp6I1p_GCogGkoODKnkB8nlACm3zXlryYkPxYjPxJiPxmhAybglz$ePAoeiCNd5ENd5GNdCHqe7J2fXJigMKyhQK7j%zIijnIBhjHKggGTfcETf2CTf3BFg5Arh5Azi5AwjNA8ktBMklEqleH4mjIzmSJhnCKoomLvpmLXqmLmsxKDtJJUubIBvFGiwLEiwkCiwHABv2zTu6ystbx1s8xfq" /><g i="30" c="1317" p="%^uC$vuCcgBwcgBw5eNK5eNKcgSEcgSE$v" /><g i="31" c="1318" p="%^Qx$vQx5ecA5ecAZm4J5eiM5eNEllDM$vvJ$v7DYmcAOpcA$v" /><g i="32" c="1319" p="#^FJ5e%1M5e%1Mqo1M7rpLJsOKiucJivDHiw1FiwwCiwWArvkzzuEyWsZxgrZxqo%Zx5e%lA5e%lApolALqMASrcBYsfCztjD9uQE9urH9uyIZsFJNrFJpo" /><g i="33" c="1320" p="#^ZC$v%ZCpo%4w5e%Yy5e%tCvjtD$kiEwm5F6lfGmj%JJ5e%uM5e%lFpo%lF$v" /><g i="34" c="1321" p="#^HKIp%3NiqjMdtnKMurIiwFFiwLCiwXA7v8zXtbyIrfxtpfxUmfx5kjy0inzXflBSejDNdHFNdmINdbK9f0MwgLM_i%qKyjOJBhCIIgqHPfDFPfADPfbCOgOANheAsjHz6lHzUmHzaplATq0BAspCqtPDgusFgurHguPI7tbKZrHKIp" /><g i="35" c="1322" p="%^Qx$vQx5ecA5ecAUt0JUt0J$v" /><g i="36" c="1323" p="#^jG_o%jGTm%UNTm%UNvt8MUuhKBvqIiwtGiwQDiwGBavwz1uqyUrkxLpkx6nkxvkpyeivzZfyBTeCDNdhGNdeINdOJpenL1fgM9g9NhhCN5j%uLHj4LjiuKxhUJLgMIhgFHPfiGPfGEPfuDjgiCOgzBChRApirAnjMz1lMzZmMzmpAA_qpBBs_CntzE9ulG9uTH9ulJztPKZsALis%AL_o" /></glyphs></font><font id="30" name="ArialBold Charset1 5tmcoR3ABas"><glyphs><g i="0" c="880" p="%^Nx$vNx5ebD5epGiqCJ5e2P5e2P$vIL$vHLUh8I$vFE$v7BUh7B$v" /><g i="1" c="881" p="%^OxghOx5eeB5eeBgh^Ox$vOx1jeB1jeB$v" /><g i="2" c="882" p="#^Bwjs%1ANrfAMsWAitBBPtOCPt7EPtPEjtgFZsgFpsgF0s0FLrLEwrSDjrIzoqByEp3xBo3xJm3x1loyUjJzLiwCLiaFLitGDjMHukgIbm%1FNmPE0meEDlFDdlACdldBdlEABlfASlfAhmfAFmAAVm2BfnNDTnxGuoDHopIIjqIIXrIIJtcH0vJFiwOCiw9AiwCydv3x8uBwjs" /><g i="3" c="883" p="#^KD1j%KDMl%oBMl%oB_qoBAssBRswB6tLBht$BstlCstPCstJD6t%0ENvPCiwiBiwnAiwDz_vUyGvxyavbyGu3yQtYxetYxqr%YxMl%nwMl%nw1j%Yx1j%Yxsg%oBre%oB1j" /><g i="4" c="886" p="#^iFTr%JIss2IkuDGjvcFiw4DiwHziw4y4uOwjsOwCpOwomtyAk9ALiKCLiDFLiiHFkZIzmVIwq%jAwqlA1s7BUsWBKt6DKtVDKtsEit0FRsiFTr^vFqosFWmJE9m_DnlXCnlPBnl5BbmmA$mmAqo" /><g i="5" c="887" p="#^4B$v%Ex$v%Ex1j%QA1j%QASkEBzjiC9jYCLiNDLiYELi2Goj%ZEnm6EQlnDQlECQl8CdmEBCmmBFn4BHo4B_r" /><g i="6" c="888" p="#" /><g i="7" c="889" p="%^ZN$v1K$vtIXrjBXrQz$v$v$vYC5eOG5e^jHVoPEgipCVo" /><g i="8" c="895" p="#^AJ$v%8G$v%8Gnp8GhnVFGmHF2mbFJlIEnl0Enl7DnlqCSlJBlmsB9ncBYncB7q%cB$v%Mx$v%Mx1j%YA1j%YAWkECLidFLilGLihH9jeIzjIIckbJQknJElAJrmAJXn" /><g i="9" c="896" p="#^txRw%oBjxuB$xQBgykCEynDEyJEEyoFeyRFZx3GmxeGXweGOv%eGUtIE$vmC$vLz$vdyNt1x2s1xrp1xbmBytk9ALivCLiUELitGSk%tG1j%GJ1j%GJFuGJYwhJ5yVIezdITzxHxAoGUAfFgBvDgBcAgBQy7Asx_ysxfxsx4xtxRw^yAfpyAjrkBhs7CethDetyEetpFfshGgrhGkphGjnsFlmDEnlmDnl7CnlkBkmyAhnyAfp" /><g i="10" c="897" p="%^Gx$vGx5e6B5e6BBn7F1jlJ1jVEMnFJ$vXF$vHC9q6BRr6B$v" /><g i="11" c="898" p="#^mA$m%fxrmMxyk2zFjkALiSCLi9FLihGhjpHPjSHFkkIvlkIKn%hIKrhIrtrIfuCI3v3J$v%GF$vxFFvkF_ufFGudFAukErvkDTvkCiwbBiwbziw1ycvUw6uUwssUwmrpxvqXxEpTybpQzJoCBno0EXnYEyn%YEcnYEcmsEOlZDnlCCnlIBnlbBKlGA5mmA$m^YENphE$pSCjqrBCq_AUqkAnrkA5skAPsSAltoBTtdCTt9DTt$DgtCEOsPE7sYEHrYEsq" /><g i="12" c="899" p="#^Qx$v%Qx5e%CD5eVG5eVHmesJMeuK6gxLshxLBjxLflWKnmkKvnoJ8otINoxH_oeGfpNDfp%rBfp%rB$v^rB7h%rBdm%pDdmyFdmgGXl_GEloH2lPHskPHFjPHGieH2iFGphNFeh7F7haD7h" /><g i="13" c="907" p="#^xx1j%HA1j%HAOknCLiKELi_FLiUGgjPHMjpIPkfJMjeKgjeLLimMLiONLiNOkjNPVjgQ1lDQSlDQIn%DQ$v%bN$v%bNBobNFmQM5mlMnlmLnlEKnl$JPlmJfm4J5nPIXnPIMp%PI$v%nF$v%nFUonF$mbFsm$EVlCEEleEnlADnlNCnl8COlwBdmeB1nZAQnZAIp%ZA$v%xx$v" /><g i="14" c="909" p="#^Ex$v%Ex5e%4B5e%4BykFCLiQELibHLiKItkiKamiKnpiKIsIIvu7HiwTEiwMDiwGCKvBBavQA5u%QA$v^2Bep2BfrGBdszCBt2EBtaFBtZFDsNGErNGzpNGknZFmm9FnlVDnlGCnlSBkm2Bhn2Bep" /><g i="15" c="930" p="%^rytmry1jTB1jTBtm^ry$vryzsTBzsTB$v" /><g i="16" c="975" p="%^Sx$vSx5emB5eII4qII5e2M5e2M$vqI$vcBgkcB$v" /><g i="17" c="1300" p="#^$wkp$wDnQx1mGyqkdABjMBLiGDLiCGLiuIFknKzmnKupnKqstImuAGiwHDiwVBiwhAuvGyGuQx7t$wzr$wkp^wAvpwArrqBtslCvtGDvt0FvtWFtsRGrrRGupRGBnWFAm0FylGDyllCylqBAmwABnwAvp" /><g i="18" c="1301" p="#^mB$v%7w1j%Jz1j%bCEp%TCSraD0rfDKqqDbqCDEp%3G1j%BJ1j%sE$v" /><g i="19" c="1302" p="%^SB$vSB7hyw7hyw5eMK5eMK7htF7htF$v" /><g i="20" c="1303" p="%^Ox$vOx5eeB5eeB$v" /><g i="21" c="1304" p="%^MvXAMvIy1KIy1KXA" /><g i="22" c="1305" p="#^FIPs%FI$v%Dw$vPwbuNxAsMyYqFBhoZD6mvElldFhkdFfjdF5iBEuh_DTgUCTgPBTgaBwhyA9isAGj%1xkjkxugXygfyA1eZC1eDF1e8HsfFITgFI$iFIdkdIjlNHomRGBndGooAETpYCmrwCSr5ClsQBPs" /><g i="23" c="1310" p="#^SC1esF1eWGTfGI4iGIanGIfsVGtusFjwSCjweAjwEyiu2xhs2x8n2x4iOySffA1eSC1e^SCTgeCTgKBghfBFh_AHiEA0kEAanEAkqYAvrgBGsLB4teCttSCtttDttYD4tsEGsJEEr4Fkq4Fan4F0kLERirEFhYDghtDTgSCTg" /><g i="24" c="1311" p="%^SF$vqC$vqC3j#xAQk_xGl_xzi#kz6iVAUg#uCFf3D1eSF1e" /><g i="25" c="1312" p="%^ND$vNDpsswpsswppdE1e6H1e6HppkJppkJps6Hps6H$v^NDppNDijGzpp" /><g i="26" c="1313" p="#^HIsi%mFQieFOhJEkhcERgoDRgiCRgyBPhOANiCASlUBmkODmkXFmktH$l0JDn0Jdq0J_soHFuNFjwfDjwyAjwOycu3x5s3xin3xniTycgHA1eBD1eEF1eZGafjIigHIsi^VAYpVAErGBzsrCttqDttnEtt0FJsFFZrFFgqFFwoZEInhEUmfDUmgCUmABGnVAroVAYp" /><g i="27" c="1314" p="#^6xor%xA2rGAcsoBUs6Czt2Dzt7EztTEHsDFOrDF1qDFnoTEzn8EKmYCKmuBKmjA2o%xxEn%izke%mIke%mIxh%UBxh%lBzkvC$jHD$jZF$jzHGl9Jkn9J_p9JbsSHXt7Gjw0DjwxAjwZy_upxEt6xor" /><g i="28" c="1315" p="#^3xwh%3xke%OIke%OIPglHeiQFWkkEBnyDCqMCDtNC$v%tz$vyzhs_AqorCykSEwh" /><g i="29" c="1316" p="#^Xwfr%gASqqA7s6BOsPBttOCttSDttAEFsjFRrjFuqjFbpCEroVDGnVCGnfCGnlBWn%JB7l6D9lRDwkBETjBEPiBEVh2EnhvDRgCCRgJBRg5BshtA3ilAej%bxHiwx3hay5gRy7f1AAedB1eIC1eeF1eMGEf1IYg1ICi1IZksFmm_GImVHSnQI$oQIDqQI_s5HFunFjwPCjwoAjwNyWubxwtXwfr" /><g i="30" c="1317" p="%^0ysknx6hnx5e6B5e6B6hyAsk^wDskTC6hTC5eCG5eCG6h2Gsk" /><g i="31" c="1318" p="#^Ix1j%VA1j%VAWkwBYjACmjEDLiXELibHLiMIwklKhmlKrplKHsLIvuaHiwVEiwRDiwZCTv5Crv8Bou%8BXA%IxXA^5Bip5BurYBxsQCAt3EAtgFAt3GDsSGFrSGtpSGqn1GrmdFsl$DslLCslWBqm5Bon5Bip" /><g i="32" c="1319" p="%^7znreyhiey5eYB5eYBhi4Bnr^ny$vnyzsPBzsPB$v" /><g i="33" c="1320" p="%^Tx$vTx5euB5euB1mMI5eDN5eUG3lZN$vjJ$voEBnuBAquB$v" /><g i="34" c="1321" p="#^cB5e%cBHkSCLi9FLilGLiiHbjfIDjKIjkdJ_koJPlAJEmAJoo%AJ$v%8G$v%8G9p8G6nXFzmLF0mfFIlLEnl0Enl9DnluCOlPBcmvB2ncBTncBvp%cB$v%Mx$v%Mx5e" /><g i="35" c="1322" p="#^jG$v%jG2uBF5vrEIviDiw0CiwIAiwGzJvEy8vay6uJx3tJxer%Jx1j%9B1j%9B_o9BJrlBksxBXs0CjtwCGthDGt9EGtREbtyFIsOF_r3Ggr3Guo%3G1j%vJ1j%vJ$v" /><g i="36" c="1323" p="#^GJ$v%uG$v%uG5uHFcvCELvxDiwrCiwcAiwCyvu1xHs1xtp1xamzytk6ALiuCLiEELieGyk%eG5e%GJ5e^yAepyAjr5BfsXBBtqDBtBEBtqFBsfGArfGzpfGknrFmmEEnlnDnlaCnlmBlmyAjnyAep" /><g i="37" c="1324" p="%^Ixzs8Bzs8B0v#8BvwTAmx#DAdyVzVy#bzBz5y_zqxzy#sydyUyDx#lz1xnz$vIx$v" /><g i="38" c="1325" p="%^pxerpxOn8EOn8Eer" /><g i="39" c="1326" p="%^Nx$vNxzsdBzsdB$v" /><g i="40" c="1327" p="#^Vwaq%qAQpKABrIBrsGCgtkEgt3GgtYGxsRHNrRHNqRH9qtHJp5Hgp9GXoxFIogD9omAqnbznmyxVkyxNiyxphjydg5z1fyAqe$BOd3EOdrHOd8JhfRKLgXKdj%kHnj5H_hkGohzFNg1ENgsCNgzBqh$ARh$Axi$AajxBDjdCckREQkuHrlLI6m0KMmKKWnsL4psLNqsLjsBKFtKJ$uaIFvCGjwhEjwUAjw3zLufxatVwaq" /><g i="41" c="1328" p="#^5JTm%JFunyFtmXEZlkEslmDsl4CsljBlmyAdnyAhpyABrjBys5CvtpDvtnEvt$EXsDFnsUF1r%gJCrKIWteH6vLFiwfDiwpAiwJyvu1xIs1xxp1xjmJyxkqALijDLiHFLi4HMjtINk5JTm" /><g i="42" c="1329" p="#^aw1j%Qz1j%VCes%YF1j%vJ1j%WEwv%6EMxFDVyeDvzQC5AiCtAMBRA_A2BdAgBfzgBfygBjx2B%$wmyOxxysyxyEzxydAPxOA6x5B1w" /><g i="43" c="1330" p="#^Jxgh%Jx5e%9B5e%9Bgh^9B1j%9BBv9B3yQA4zvA6AAzHAFygBexgBJwgB7waBxv4BSuUA%rvYxIv0yWv2y7w4yiw4yQw4y9xRxvxDxCxixJx_wJxov%Jx1j" /><g i="44" c="1331" p="%^cA$v6w1jrz1jRBwr5E1jpH1jzJwr2M1jrP1jgL$vZH$vJFFnxD$v" /><g i="45" c="1332" p="#^9Fnr%2Cnr1CIq1Cyq1C1pxC3o1D5nxETl1GEkkGgkNGGjNGYiNGYhZFfhaFygQDygwCygEBihMA1irAzj%hxajpxZg7zsfSAWdGDWdDGWdnItf7K$g7K2j7KbktJclQIcmKGYnFFSooFpp7FYp9Fnr^2C$v%2Czs%9Fzs%9F$v" /><g i="46" c="1333" p="%^Qx$vQx5e4L5e4L7hrB7hrB5lpK5lpK7orB7orBZsqLZsqL$v" /><g i="47" c="1334" p="%^Wx$vWxfexBfexBZswKZswK$v" /><g i="48" c="1335" p="#^Px5e%pE5eDG5eOHqenJUevK4gDLghcM_iOMHkOMcnOMqpeM0rzLZskKbuoJ5vOHCvBG$vBE$v%Px$v^qB7h%qBZs%6EZsDFZsiGOsaHAsLH2slIwrIIkq4J7p4J2n4JZkIISjlILiGH7i0Hvh$FhhfF7h1D7h" /><g i="49" c="1336" p="#^8Grp%8Gpm%XNpm%XNxtOMDuEKtvuIjwhGjwtDjwnB8vizYtfyMrcxzpcx_mcxbkmy0ixzRfOBHewDOd4GOdpJOdhLcf9NBgIN3j%6KKjJJpiGIFhEHUg4GUgIDUgjCoiWAUjWARmWA1qkCDrLDdt2GdtaHdtjINssJkshKHr%hKrp" /><g i="50" c="1337" p="#^Qx5e%ZE5e5H5e8IgebJre$J$eQKzfnLvgXLrhXLBiXLSjfLVkAKYlqJum3LYmXL6oPMfpPMOqPM1seMbtGLkuHK1vIJJvgITvmHZvVD$v%Qx$v^rB4h%rBdl%ODdlVFdlqG9lmH2lUHwkqI_jqI6jqIhiYHMhvHehBG7h3G4hvD4h^rBco%rBZs%NEZsKGZsgHSs4IIsAI8s5JAr5JDq5JQpHIgpiIIozHsoQGcomEco" /><g i="51" c="1338" p="#^8xRr%tAurAAus5B_sCBttsCttwDttfEvs$EwrcFroVDYpZBYpSzYpkykoOwHmOw4kOwmhpyIf1A1exC1efF1e$G8gLIeiLI2nLIYrWG8u6FjwbCjw5AjwOybvvx3u8xRr^VEmkVEIi8EOhnDTgnCTgqBTgOADhaAniaA4kaAPlRADmxBrnzCrnyDrndEFmVETlVEmk" /><g i="52" c="1339" p="%^Ix$vIx5ejB5ejB$v" /><g i="53" c="1340" p="#^Ox5e%pB5e%pBNnpB5qxBNqMBTrECyswDdt1FdtzGdtlHBs7IYrhI2rsI7qsI$n%sI5e%3M5e%3Mvn3MJqML3stLotGKjuUJdvAIMvgHjw8FjwACjwfBJvWz7v9zauoydt8ybsOxEqOxEn" /><g i="54" c="1341" p="#^gE5e%TH5e%THqpTHFruHRsYGpuzFmvbEjwXBjwhzjwRxQuqwktqwtq%Qz4qTzCrgAfsSAdt2CdtgDdtMDxsgEQrgEFp" /></glyphs></font><font id="40" name="Articulate Charset1 5o8IQjSMLUn"><glyphs><g i="0" c="256" p="%^FI$vLAEhIAEhIA$vcy$vcyxeBBxeiJAsmJAsmJxeSLxeSL$v" /><g i="1" c="257" p="#^AFWpdFWpNEVplETpZDTp4DTphC0qvB8qVArqkAKq_zcrFzFrFzhsFzKsRz7t2AwtnAOtIA4u7BeuyBou0Cou4DouMD2usEItREdtfFJspF9sAFBrAF8r^QF$v%QFlu%NFluxFHu9F2vOEoviEGvODXvaD6wyCiwOBiwWAiw5A6whzWvCytvYx0vyxfu9xut9xls9x5rLxhqlytpez_o8AuobBjofC7o7D7o8E7oGE8ocF8oAFaoyFBntF0noFqm4FXlMErl8E8lwDRkqCRk8BRkaAhldzJlJy8m%By8kWyYjkzLjKzxjgAljOA9jrB2j5CXiUCXilEXiiFkjgGIjRGpkqH6lGH5mXH3nXHeo%XHetXHHtXHquXH8v1I$v" /><g i="2" c="258" p="#^XN$v%XNroXNUnSNfnNNCmxN4mhNxlQMblnMRkDLRk6KRkcJ7mjIonjICp%jI$v%YF$v%YFpoYFwmkFHlJERkEDRk7CRkdB7mkAonkAHp%kA$v%Zx$v%Zxej%aAej%aA4l%dA4lrAKkLAlk3BYjxBEj0CkjHC8jnDXigEXiOEXikF4jTFcjmGwjRGPjfHhkFHLkVHpl7IVkwIskWI$jsJGj_JkjCK8jeLXiTLXi6NXiXNjjNOHjjPlkRP$k3QUliQMmiQJn%iQ$v" /><g i="3" c="259" p="#" /><g i="4" c="260" p="%^cy$vcyxeIAxeIAOt$HOt$H$v" /><g i="5" c="261" p="#^fGoofGKn3G5nTFsmtFYl3FsltE9lUDRk4DRk2CRkoBglLAHlnAhm$zSmQztnGz3oFzoo%fGoo^Fz8qFz4r_zSrkAEsUActtBMteC4u$CouTDoutEou3FguFF8uaGXtIGKt6HxtxHjtNH6t%NHrv1HNv2G1w4FiwJDiwdCiw$ATvOzrvXyBu4yKtCxrs9x8r9xpp9xXnAxKm0yxlPyIkDzSjJApjQBXiaDXiJEXiNFtjRG$jvHZkaIXlsIgnLIAoLI8q" /><g i="6" c="262" p="#^WG$v%WGopWGPnGGVmqG_lZFxlBF9l5F$kBERkbERkaDRkrCflJBElfBmmNA3nzA1omA_omA6q%mA$v%$x$v%$xej%gAej%gAfl%jAflOAhkVBCj0DXisEXiYGXi6IlkhJLlhJoo%hJ$v" /><g i="7" c="263" p="#^WGKpWGNoHGVntG0n$FlmyFFlREfl8ERkdDRkjCRkFBhl$AJlyAom5A3nTzVnFzKoFzzpFzwqUzlr8A9sCANs4BotKBLtoC5ubD5u$D5uGELtlFptRFRslGgsDGtrWGFqWGKp^hJwvhJhxKIrybICzgHiAmG_A9FgBZDyBFCyBkByBfAhBbz1B6yFA%myuy_yLywzZy3AbzAAkz6BuzGBzzeCEzVCEzNDEzwEmzgF4zNFxyjG_xCG9xWGlwWGdv%WG0u%SG0udGUu6Fsv0E$vDC$v7B$v4Aqv2zRunyXtJx0trxVr9xNq9xHp9xCotxqnNxemtyel9zekeABjkBXiTCXivDXi5E1jIE7jfFnjOFDjfG3kIGuk2H7l%5H7l%5Hej%hJej%hJwv" /><g i="8" c="264" p="%^3G$vmArpmA$v$x$v$xedmAedmApouFejHIejLCUorJ$v" /><g i="9" c="265" p="#^EHxpEHknIG5mNFRk7ERk6DRkoCilGBKldBqmNA6nzAZnmAPomABpmArqAAirOA8sfBQsIBwtpCYt7Dou6EouTEouxF1ubGFtEG0t6HmsnHtrEHAqEHxp^8Kop8KNqOJ1ssJhtNIeu6Ibv3HLv1GiwDEiw$Ciw_BKv_A9vpAeu%mAeu%mAfB%$xfB%$xej%fAej%fA1l%iA1lRAckYBAj4DXiAEXiYFXi$Gsj3IYjLIQkrJIlNJUm8K3o8Kop" /><g i="10" c="266" p="#^kH6rkHZr2HTsMGNt1GyujFjv4EPvRCiwXAiw3Aiw8z3weyRvmxzv%CxetryAtqzRtpA5ugB5uSB5usCWt3DKtyDot1E1tlEwsGE_rGEhrGEPqxEoqoEYp1EzpGD9p1DMooCmooBVntAvnHz2nWyAmmy0mOxrluxIkaxYjaxYiaxThzx$gZx7gIyvfrzTesAzetBeeJCeeMDeeKEpeIFAevGSe%9G9hcFLguEBgMDrgYCrgtBrgEA1hQzChQzIiQzCjuAfk8BTkDCzlGD3myEzmqF3n1GInEGko_G9pkH_pkH6r" /><g i="11" c="267" p="#^EHApEHHomHQn4HYmAGim4GElkFflAERkFDRkICRkYBfldBElIAimcAYmWzQnFzHoFzApFzrqUzir7A9sCARs5BxtRBZtCCouFDouGEouqFZtbGxtGGRs9H9soHjrEHsqEHAp^8KBp8K0rFJesbJrtjIlusHevgGMv4FiwFDiwaCiw_AMvOzdvXyju4yotCxas9xXq9xzp9x9oCxYm4yKlWyRkNzYjZAsjaCXiFDXi7FXikGsjxHYjmIRkcJKlGJZm8Kbo8KBp" /><g i="12" c="268" p="%^iy$viyedFAedFA$v" /><g i="13" c="269" p="#^WG$v%WGjpWGSnGGYmrG1mXFxlyF8l2F$kzERkbERkaDRkrCflJBElfBmmNA3nzA1omA_omA6q%mA$v%$x$v%$xed%mAed%mA3l%pA3lDAIkZAkkkBYjQBEjkCkj_C8jFDXitEXiYGXi6IlkhJLlhJoo%hJ$v" /></glyphs></font><font id="50" name="Articulate Extrabold Charset1 6FHszSTwxVD"><glyphs><g i="0" c="256" p="#^9Kzq9K_oxJ1oWI3n$Hum5HVl0GClYEjl1E2l7DMkvCokUB0kUBjjUBKicCpiwC4i_CWhtDMh$DKhyEHhZEHh9GHh2HThYH3iVIui%cJTedIxe$GoeOFeeIEeenDee$BueEAKeyzlftyYfNx_g5x0i5xAj5xblIx8mjy5ndzFn8AdodBxoiCRocD9p7EtpKEUplFjqlF8rlFXrHEos2ERswCRs7BRsZzzsPygsGxHr%gxyvlyUvKz5w8BiwtCiwcGiwaIRu9Knt9Kzq" /><g i="1" c="257" p="#^kKNq%kKZpkKwoZJcnDJUlRITk4ISjQGgjAFFiMDFi7CFiPA9jwzFjCyzkJxslexJmMwZnMwupMw5rlxmsWxCtWyuuXzmvkBQvJCiwlEiwBFiwPG5w2IUv7Jtv%7Jis7IRs4H4t1GitaFitpDitsCIswB6skBNq^hGeo%gBeonB1nZBhmACwlMDwl4FwlGFhmhG1nhGeo" /><g i="2" c="258" p="#^WLepWL1ozLSmcLHluKLkNJPjKIejIHFilGFiMEFiJD9jGCFjTBEk%OBEk%OBed%ixed%ix$v%sB$v%sBGt%vBGtMBjueCPuJCivjDDvWDXvBE6wgFiwYFiwsHiwzIJvGJ8vqKauaLbtyLWrWLEqWLep^hHmphHSqzGSrRFRsyERsZDRstDBsZClsBCUrdCrr$BRqOBeqOBwpOB0ozC3nkD6myE6mQF6myG2nhH_nhHmp" /><g i="3" c="259" p="#^hL$v%hLYi%NGYi%NGroNGysYDysQCysmCFrUBMqUBep%UBYi%oxYi%oxdroxWrBxPsOxHtmytuWyevTzMvRAiwoCiwRDiw7FGvqG2v7HBt%aHBt%aH$v" /><g i="4" c="260" p="#^2K$vZJGvXJgvVJSuSJuuQJ5uPJKtOJmtOJ8t%OJ1oOJBmiJzlOIxkYHUj7Hej$FYiTEFiDDFilCFi4BRiPz0joyAj%tyEmrz6mtAUlvBFlBCFlaEFlTEdmAFNmBFVn5FRnAEOn4EKnvDKnDCKnsBTniA0ofztodyVouxOpMwHqMwbsMwitax4uBxRuhykvZyPvRz2wJAiwEBiw$CiwZDMvYEdvMFXt%QFXtQFtuSFYuVFqvWF$v^BFdqBFMqpFjrdFSrSEisvEKs_D0ttDitRCit0CituBWsZAysZARrZA2rEBBqkC8qLD8q5E8qDEaqaFbqBFdq" /><g i="5" c="261" p="#^hL$v%hLUnhLSm$KWlJK_k7KgkxJxjAI5jDHFihGFi0FFiTDcjLCKjYBUk%UBUk%UBed%oxed%ox$v%UB$v%UBxqUBeoECknpDpmJEpm8FpmwFAmVFKmaG6nsGunCG6oNGKoNGFp%NG$v" /><g i="6" c="262" p="#" /><g i="7" c="263" p="%^$K$v5GXoDKYiIFYiYBroUBroUBedoxedox$vUB$vUBxpYBxpyF$v" /><g i="8" c="264" p="#^hL$v%hLPnhLPm$KUlJKYk7KfkxJxjAI5jDHFiiGFiIEFisDkjdC_jyBml%vBml%vBYi%oxYi%ox$v%UB$v%UBtqUBhoDClnnDpmIEpmOFpmhGfnNG5oNGKp%NG$v" /><g i="9" c="265" p="#^FG2w%vG6t5GbtKFftnFit8Fit5EitIDLskDbskD_q%kD6m%tG6m%tGYi%kDYi%kDFe%Py1g%PyYi%fwYi%fw6m%Py6m%PyCrPy6u_zcvaBiwQDiwyEiwbFewQFawFG2w" /><g i="10" c="266" p="%^qCQgqCxdWxxdWxQg^qC$vqCYiWxYiWx$v" /><g i="11" c="267" p="#^IHXrIHJqcHZpIGdpYFOodFmolE9otDXnKCLn$BznvBjn$A3n$Azm$A5mABTlaCFl2DFlLDFlJERlIF1mAGxm%WGpjZF0jMERiADFisCFigBFieAXidzcjsyKjHxgkex3lOwSlOwVmOw5ogxNoLxtpsyTpazhq$zvqQAJqxBWqfC6rJCprcDHrcDescDGsSC_swCitlBitrAitoz5tlyUs8xos%UwGvOxZvWy7w3AiwEBiwICiwMD6wREXvJFsvBGZu8H7uIHgtIHXr" /><g i="12" c="268" p="#^WLupWLUnmLDmOKmlNJtkNIAjoH7j$FFilEFiICFijB7jWzAjVytkUxmlkxDmMwUnMwupMw3rkxksUxBtVyuuWzmvjBQvICiwlEiw$FiwoHQvNImvNJuuOKBtmLksWL3rWLup^hHtphHdruGbsIF8tlE8t$C8tcCbsqBdrqBtpqBPnaCPmWCPllEPlMFPlwGPmhHPnhHtp" /><g i="13" c="269" p="%^qC$vqCedWxedWx$v" /><g i="14" c="270" p="#^CT$v%CTloCT0nqTZleTVkJSakcSrjiR2jpQFi_OFizNFimMfjaLQjnK9lTJ0kUIljVHFiiGFiAFFiTEPiaEYizDgjYCAjqC5kUBCkyBml%vBml%vBYi%oxYi%ox$v%UB$v%UBoqUBroyCqndDpmqEpmYEpmiFDmEFRmSFcn4Gzn9G1ofGuofG0p%fG$v%LK$v%LKoqLKEolLxnYLpmiNpm7OpmCO2n6PHn6PZo%6P$v" /><g i="15" c="271" p="#^1IJv%WHmsLG_s5F_soE_sKDLs4DwszC4s2CErKB$qqBlqqBwpqBXnnCYmkDZlTEZlBFZlfG7mVGgmBHHm%WHojcH1jkGRisFFikEFiMCFioB5j0Axj_ypkZxglmxymMwPnMwupMw6rlxnsWxDtXyvuZzmvlBQvJCiwlEiwfFiwcG8waH$v1IJv" /><g i="16" c="272" p="#^cLtu%cLYi%7HYi%7Hjl%4HjlkG1kbFlj2EFiDCFicBFi6A7j0zBjhyukyxml9xCmMwSnMwopMwXqcx9sExntpyeuaz5veAyviB$vAC$vRD$v_Euv7GZuYGMt%$GMt%$Gtu$GyvHGgwnG$wQFrxiFTxyE3yODfyYCfyMBfyMA$xMzLxByax%nyJAtz7BMAkB4CyBiDyBfFyBJGcBcITAcJ3AcKfzIKTxcLwwcLtu^RGbpRGVpDGxqqG8r2GBrGF2s8FisDEys0EysRCys7CGrqBNqqBmpqBSn7C_mQC6m$D6mgF6m2GZmRGPnRGbp" /><g i="17" c="273" p="#^WGPixGKi5GIiGFFioFFi$DFi4DljaC0kyBml%vBml%vBYi%oxYi%ox$v%UB$v%UBoqUBBp4CTogC8oGCCn4D3nHDKmiEpm7FpmBFpm$FrmqGtmIGzm" /><g i="18" c="274" p="#^tK3rtKtqkKRpcKdpQJFosJ5oMICn4I6nYGMm%YGJmpI8m6J6lQJ3kQJKiQJChoJMgYIVf9IlfnHNegGweaFeeRDeevCeejBwe7ANedzofjy_fNxXggxUhgxejgxmk0yplMyrmgA_m%gA0nPw_nPwjrPwGslxDtUxzuPy9vLzKv_A0wdCiwDDiw2FiwiG$vyHHvtI3vpJquXJrttKrstK3r^DF6jDFQjbFokLEYkEDAlAC9l0CFktB8ktBhjtBsi1CRhBCehxDehvEeh3FNhDFjiDF6j^ZFUqZFWriFxsEE8tBD8tDC8tZBwskBUrkBZqkB3qSBqpoCNolDmoAEJogFjpZFVpZFUq" /><g i="19" c="275" p="#^2KSp2KtovJsnZIrm3INlaH6l_FOkOEuktDuk7DukKCwklCxk$BAk%$BHh%nJHh%nJxe%$xxe%TxVnOyFnMzAnLAunJBunqCun6DDnODMnkE3oTEmocFSoyFlpyF1qyFrrDE8sIDRs0CRsgBRs8AGs0zusMxUr%HxGvaz0wfA9wlBiwtCiwcDiw2EbwUE5wKFQvAGzvmH7v9IGuKIYtkJetHJes2Kdr2KSp" /><g i="20" c="276" p="%^WB$vWBXrJxXrJx$v" /><g i="21" c="277" p="#^hKoqhKepVJeoyJenTIumcIKleHjlhGUk2FUkUDUkYCfl0CClgBFm%dBFmdB8lyB6kUB4jqCziWC3iDDOhkExhlFxhiGxhfHLhcIYhZIsi%fJ1f7IAe$GpeTFeeEEeenDeelCxekBQexAkfLzQfbzvgDy9hfyUhJxXimxqk0xVl0x0o0xFpmx9rJxEsvyOtizXuzADvRBiwJDiwaFiwnGQvBHlvsIyukJKtOJGshKBrhKoq^WFNqWFSrlFAsMEitIDitGCit2CzsqBPrqBCqqBup0CMoDC1oED1oJE1ojFKoWFrpWFNq" /><g i="22" c="278" p="%^QKGsQKwplIwplIxecDxebwZobwGs$DGs$D$vlI$vlIGs^iEwpvzwpfE8iiE8i" /><g i="23" c="279" p="%^vT$vvTxesMxeAI8qxI8qQExevxxevx$v2C$vYBAi$BAifG$vxK$v_OAi1PAiYO$v" /><g i="24" c="280" p="#^4LYi%AGYi%UDtr%RDtr%2BYi%bwYi%tBiwfB3xHAAx7A5ydz5yOy5ymy2yWx$xqxPx%7xfBOxoBvytBdzyBTzyBfByB7C9B0DMAxDfA$DOzjElzEEUyWElycFPxvF5xOFowaGqv" /><g i="25" c="281" p="#^pL$v%pLed%VGed%VGEk%QGEkZFzjTE6jODFinCFi$AFiYzejWyPjcyLkvxHl7xSmMw0oMwdpMwEq8xXrwxdtgycu0zav7AKvfBiwJCiwsDiw8E6wREWvrFAv2GdvvGLuYGgucHGt%fHGt%fH$v^VGxpVGdqHGQqtGqr5GTrJFjsdFAsJERs8ERsUCRs9CUrqBXqqBmpqBUnbC$mYC6m8E6mkF6m6G1nVGXnVGxp" /><g i="26" c="282" p="#^WLepWL0oyLRmaLFlsKKkLJPjIIejGHFinGFiOEFiuDijaCXjvBjl%sBjl%sBYi%ixYi%ixfB%OBfB%OBau%RBauaCKuDC9v5DzvDDPvaE3wNEawoFiw$FiwqHiwxIKvFJavpKcu9LetxLZrWLHqWLep^hHophHZqxGVrOFRsyERs0ERswDCs0DmsDCWrfCur0CTqOBgqOBwpOBXnBC1noD6myE6mLF6mwG$mhHUnhHop" /><g i="27" c="283" p="#^VIriVIghlIsgNHDfVG8f1GFeYEseUDeeUCeewBee7ApeLyAeDxYe%Jxsiry3itzOhvAxhBBxhQCxhCD1ioExioEkjoE1k0EFkEDhl2D0mcC1nHBYnaBSoaB3q%QE3qWEUoyF$naG5nYGhmQHmlmItkVIAjVIri^5F$v%5FXr%UAXr%UA$v" /><g i="28" c="284" p="%^OJjiOJxefxxefxQh2FQhyy$vxD$v" /><g i="29" c="285" p="#^GMop%GMxe%1Ixe%1IEo1IzpTHlqJH6rmHGr$GdsqGxsRFRs0FRsoDRsICIr0Czq0CEo%0Cxe%nxxe%nxmpnxarXxusvyOtvzEuwAuvWBUvlDiw0FiwJGiw7IUvxJtvxKDuyLMt6MtsGMarGMop" /><g i="30" c="286" p="#^FLWqFLjquLJpkL6pWKCoxK5oRJHnaJhn7I5n%7I1nvJBmlKElcLHkcL_icLShMK1hlKcgBJEfRI4fPHPeNGxewFxe%vxxe%vx$v%QE$v$F$vcHOvqIBvpJ1vpKtu1LutFLusFLWq^yGAjyGbkeGykWFVksF6l$EjlsEnlWDrltDrl%8Crl%8CQh%LDQhkEQhQEVhlF_hJFai5GmijGJiyG3jyGAj^$GEq$GgrKGGrtG3s0GisAFwsYECslEHsEDHs%8CHs%8CBo%IDBodFBo6G1p$Gtp$GEq" /><g i="31" c="287" p="%^vC$vvCxeRxxeRx$v" /><g i="32" c="288" p="%^AJ_hAJxejwxejw_hDA_hDA$vgF$vgF_h" /><g i="33" c="289" p="#^aMBv%YLXrFKrsCJEsAIRsBHRskGRsgFtscE5sqDorECHqcCGpMBEoMBlnMB6m9C4lyC1kfDhjZDxi_E6i$FHhfHHhhIHhnJXhtKbiNLVi%9M7fnKCebJqe$HeeWGeeMEeeYCOe8BmfOzwgtyFhJxnjZw4lZwmnZwPpSxwrMydtdAhuGBlvsDQvfFiw2HiwnIiwxJ7wIKZvaMBv" /><g i="34" c="290" p="%^qM$vqMxeNHxeNHclgCclgCxeDxxeDx$vgC$vgCwoNHwoNH$v" /><g i="35" c="291" p="#^fM$v%yKerhKxq1KRpOJ9pxJCohJ5oUIPnvIwn4Ion%4IlnQJVmDKNlqLFkqLXiqLNhZKYgxK7gLJBfZI3fXHOeWGxeOFxe%vxxe%vx$v%8C$v%8C5p%cD5pRD5piEipMEup7FYpvFpqOFar5GWrsG_s%pH$v^NGNjNGokyGNkkG9lVFolvFClXEIloENlLDNl%8CNl%8CQh%vDQhaEQhMEWhnF0iPFeifGriwGPiNGbjNGNj" /><g i="36" c="292" p="%^1LYiyGYiQDesMDes4BYifwYi4B$vcG$v" /><g i="37" c="293" p="%^nTYi1PYi_MlsWMlsJKYikFYi4Dls0DlsWAYidwYidA$vsF$vWHzmZHzmaK$vpP$v" /><g i="38" c="294" p="#^uOgnuOelXNzjpNUhjMJgeLxfBJUeYHeeJFeevDeeSBUedAxf7zJg2yUhvxzjZwelZwgnZwlpxx0r5yHsczTtjA2vXBGvADiwJFiw%ZFiw%VIiz%9Oiz%1KqveMoumNjsuOdquOgn^GJgnGJjosJjpfJjqMI6riIUryHnsOGRsJFRsEERsUDns8DUrGC6rcCjq_BjpMBjoMBgnMB3m$B2lfC0kKChjdDxiYD6iIEHhJFHhLGHhuH6idIxiIIhjcJ0krJ2lGJ3mGJgn" /><g i="39" c="295" p="%^RH$vRHHsOBHsLHzmLHYiMwYiMwgmBCgmEwosEw$v" /><g i="40" c="296" p="%^LN$vLNxevJxeAJoqxJoqDDxeHxxeHx$vZB$vQB3kTB3kZH$v" /><g i="41" c="297" p="%^2L$vIGjpNKYiRFYiQDSmUBYizwYiEAmpdw$viB$vsDXrDF$v" /><g i="42" c="298" p="#^iObniOKkAN4jSMphwLogaKnfgIYenGxe0Exe%Dxxe%Dx$v%ZD$vnG$viIuvdKZuyLUtTMPsAN9riOupiObn^vJhnvJVo_IXptIZqHHyrVG6sYFks$Eys8Eys%gCys%gC_h%7E_hOE_hJF9iFGjiuHTikIrjVIukvJxlvJhn" /><g i="43" c="299" p="%^xDWqxDCnMwCnMwWq" /><g i="44" c="300" p="%^TDxedzxeTz3qdD3q^ED$vEDXrrzXrrz$v" /><g i="45" c="301" p="%^WB0nWBYiJxYiJx0n^WB$vWBXrJxXrJx$v" /><g i="46" c="302" p="#^NJSqNJbpPIcoRHdniGUm%iGRmWGFmvHlm5I1mxIAlZI6leJtkvJQjvJ0jvJAhUIGghILfiHcfkGFe6FseUDeeGCeeoBee7ApeTyzezxYe%OxoifybiNy2ijzVhRzRhoAMhUAKhoBHhQBHhnCHhWCMhtDQhUD3ikEhiAEGiRE3jREHjRE9kAExkkEUkVD7lvDml_CultCClYBCltBClaBClUAClHAClvACllABlbAAl$zzl%$zFoqAEoYADovBCoWBCosDCohE6p7FBp7FCq7FErbEfsgDRsyBRsnARsfzHs7ywsgx0s%2xHv2y2wjzawBAiw5CiwEDiw2F$vsGHvvH2vyIou9JntNJlsNJSq" /><g i="47" c="303" p="#^GJ$v%GJHs%MCHsxD2smEjrcFzqJF0qAH8osIumlJQklJkjlJ3iRI6hlI9gtHwfBGTemFze7EeeGCeenBee6AveRyLetxff%ExUiTyei4AZhiBHhfCHhtDHh4EiiIEUiIEQjIEhkxELknEcl5EFlQD6mtDym7D_mMConlCSnQBnokBUoEAwpZz8q4zWqbyHr2xGs%2x$v" /><g i="48" c="304" p="%^FH$vFHxexDxeDxoiHzxl$Cbj$C$v" /><g i="49" c="305" p="#^hKwmhKVkXJpjBJVhPIMg1ICfLGWetFeeBDee8CeeWAIeJz9fSyYf$xLgvxQh0xVi0x8k0xkloxlmMxlnsy4o8zPo6Aep4BEpfCEpoDEpmEfpkFSo1GSn%4GSn4G1pQF9qAFgrME3snEtsFDKsYC_s$B_sOz_sjy3s%2yuvbzXvhA6wnBiwvCiwlEiwDFNvVGgvNHou2J6tFJ6rhK6phKwm^TFUjTF4lfFNlEEumBDumGCum0CQlnB9lnBHjnBEiYBXhyCehBDehGEehgF$hTFMiTFUj" /><g i="50" c="306" p="#^qKenqKwl9KUjVJgiaJ0hsILf6H$eMFeeEDeevBeeaA$eRyLf6y0hoxgi7xUjTwwlTwenTwhpbxZqwxEsiyPt5z_uoAEvIBiwEDiwBFiwUGEvcI_u_IPtNJEs5KZqqKhpqKen^WFgnWFhoSFlpOFoqzFerlF3sUECssE8tED8tRC8toCCsYB3sJBervBoqrBlpnBhonBgnnBemrBblvB8kJBijYBsioCWhRCohEDohqEohTEWhlFsizFijOF8kSFblWFemWFgn" /><g i="51" c="307" p="#^LKgkLKjhSIWfZGxeUCxe%nxxe%nx$v%0C$v%0CUp%RDUpsFUpJGwp$H8pUIqoOJHngKEmLKAlLKgk^5Gbk5GslkF1mAEBmaDBm%0CBm%0CQh%8DQhLDQhhEYhQE3idFkiDFAiSF1j5Gtj5Gbk" /><g i="52" c="308" p="%^WBXrJxXr2wJytzJy" /><g i="53" c="309" p="#^qCQg%qCxd%Wxxd%WxQg^qC7w%qCYi%WxYi%Wx0wWxoxAxZxfxyylwyy8wyyXvxyJvwytvty%mvkBZvsBBwvBdxyBUxyBbzyB3A8BYALAtB1A$BjzcCjyqCjxqC7w" /><g i="54" c="310" p="#^tF_p%tFxe%QAxe%QAxoQAosvyosWxosoxjsTwdslwZr%lwPvdx3w_xawLyiwgziwyCiw$DGutF2ttF_p" /><g i="55" c="311" p="%^GN$vJGFmaNxeAHxekCFlgCFlgCxeDxxeDx$vgC$vgC3okC3oLH$v" /><g i="56" c="312" p="%^PUxehQxe$NXrYNXrvLxeBFxefDXrcDXrYAxebwxe3A$v5G$vpIAisIAiWK$vVQ$v" /><g i="57" c="313" p="%^4K$v4KHs8CHs8CKonJKonJrl8Crl8CQhOJQhOJxevxxevx$v" /><g i="58" c="314" p="%^tJ$vtJysgCysgCxeDxxeDx$v" /><g i="59" c="315" p="%^fP$vxIxeQCxebw$vWA$viCgsRIgs9K$v^LHZonDZoDF8iGF8i" /><g i="60" c="316" p="#^LNuv%LNNl%xGNl%xG5p%fJ5p%fJysZIGsAIMscIRsyHRsiGRseFtsaE5soDnrDCFqbCEpMBCoMBlnMBKlmCFkYCAjUDWiREgi4G_hkHHhFIHhvJHhGKXhSLbiVMPi%hN$eLMPe6MFeuLveNKqe4KkenJheGIee$HeeoFeemDNekBkfUzsgtyAhJxjjZw1lZwmnZwHpOxnrEy2t2A8usBevgDMv5Fiw4HiwZIiwvK6w2MWvLNuv" /><g i="61" c="317" p="%^NNxeqIxe2FxlDBxegwxeJCppJC$vnH$vnHpp" /><g i="62" c="318" p="#^uOgnuOelXNzjpNUhjMJgeLxfBJUeYHeeJFeevDeeSBUedAxf7zJg2yUhvxzjZwelZwgnZwlpxx0r5yHsczTtjA2vXBGvADiwJFiwRHiwuJGv7L2veMTtmNHsWN0ruOlpuOgn^GJgnGJjosJjpfJjqMI6riIUryHnsOGRsJFRsEERsUDns8DUrGC6rcCjq_BjpMBjoMBgnMB3m$B2lfC0kKChjdDxiYD6iIEHhJFHhLGHhuH6idIxiIIhjcJ0krJ2lGJ3mGJgn" /><g i="63" c="319" p="%^JHjlJHxeqExeqEjl^RCjlRCxeyzxeyzjl" /></glyphs></font><font id="60" name="ArticulateBold Charset1 67B1VCeyfRC"><glyphs><g i="0" c="256" p="#^NF0kNFNiZE1iaEhhsChh%eBhh%eBDm%pCDmnDDm0EqmGEdm3FTlsFwlCF2lNFzkNF0k^rJQjrJ4l1J5mDI6nPHRn$GzoLFZovEnpOCnp%eBnp%eB$v%Kx$v%Kxxe%eCxexDxeQELe7GZe8Hzf9I9gOIbhrJcirJQj" /><g i="1" c="257" p="#^LD2qaC2q8Byq6A1r6Ads6AVsBAnt4BRtcCRtNCRtjDFtRDtthE1tNExs1FRrhF9rhF2q^AF$vwFBvuF9vsFJuqF3u%nF3ucFruQEQutEdvXDyvqDTvNC4w8CiwsBiwyAiwJz1wUyMvgyhvExOugx4uVwmtVwtsVw3rtxcq2ylpZySoVzmo4BcofC2oqD2o%hF2ohFumyETlQDglqCglyBglxAylwzQloyFm%iyNjbznjlA5jvBPiRCPiLFPi1H5kkInlkI9okIbpkIUpkIzqkI5rlICrmI2snItsnIXsoIEtqIhusIWuwI$v" /><g i="2" c="258" p="#^cGspcGVo2GdoUFwnyFUmcFgmCERl0Eql8DqlkCqlOBQlgBemYASmEAtnwAbopAVopAxppAhqyA0rIALr1BlsnBXsVBjtsCHtdDHtZDHtwElt4F$ssFrsQFSr0G5rcGkqcGsp^iG$v%iGyu%fGyuxFtvwEUvvDiwhCiwTAiwRzMvQyevayjuxxotdx9sVwVqVwtpVw9obxYmtxKl6yQkMyVjOzmjQAPiiCPiJDPiCEkjwFQjaGFk%cGFk%cGed%zJed%zJ$v" /><g i="3" c="259" p="#" /><g i="4" c="260" p="%^vF$vcBKp9BKp9B$vOx$vOxed9Bed9BfocBfocF6j9J6jlESoLJ$v" /><g i="5" c="261" p="#^cG$v%cG2pcGro8GPn5GanUFEmIF5mfFMlOEql0Eql8DqlACQl0CemGBSmlBuncBeo4BZo4BCp%4B$v%Jx$v%Jxed%4Bed%4BSk%7BSkEB3kGCrjJDPi9FPiiGPi8Hcj_HAjwIgk2JXkiJTlzJPmzJUn%zJ$v" /><g i="6" c="262" p="%^Ox$vOx6j9B6j9B$v^OxMgOxzd9Bzd9BMg" /><g i="7" c="263" p="#^nFgmYE6mCE3mhE0mRD0mqC0mNBen9Bro9BEq%9B$v%Ox$v%Ox6j%MA6j%MA1m%QA1mUAulcBVkxBkk_BTjsCpj3D6jGDPilEPi2FPinFVi%nFgm" /><g i="8" c="264" p="#^eF_fSEMfxEFfcEyfPDyf7DyfJC0gjCugjCxh%jC6j%eF6j%eFzl%jCzl%jC$v%Yy$v%Yyzl%twzl%tw6j%Yy6j%YymhYyeggzofAzye8A0eIAudsBddcCXc6DXcIDXclE0d$E4dvFcd" /><g i="9" c="265" p="#^eG3seG6tPFVtpFHuGEevYDMvXC1wWBiwJAiwJziwIy6wIxXv0xKv%dx_s2yotPyDtBzRtxARtpBRt3CstKC3tKCgsKCErhCjrRBZqcBLqAAxqPzlq2z8qpyKpNxkplxFoVw_nVwPmVwLlkx$kLxeksyLjazfj4A1j$APiYBPiVCPiQDYiLE4jCFhj%nFPlyEwlTDolcDglpCgllBglTAGlpA4mpAHmpAbnRAunhBMnVB_nyCbojDqo4EFoIE5plFwpNFdqeGVqeG3s" /><g i="10" c="266" p="#^PFioIFVm1F5mnEgl6DglGBglYA6meAXm6Aio%PFio^6ABqaAtrvA4sQAHskB4tQBttsCFt4DRtLDRtYERt1Gtt6H4t3Ixs%3Igv$GSvRF4wIEiwADiwnCiwbBZv$zEv1zTu4y5uuxPsVwwrVwApVweogx0nDxNlmyRk5zVjdAmjmBPiTCPiyEPiIFljTGSjCHRkmIQlHIhn0JJo0JBq" /><g i="11" c="267" p="#^NGMqNGDp_FWocFcohDco%xBco%xBft%$CftQEftOFHsNG7sNGMq^fGrjfGfisFMhGEhhaDhh%xBhh%xBBl%WCBlBDBlbEvlOEolfF8lJFUk_FukfG3kfGrj^hKVqhKgsPJetlJbuvIPuGHqvwGJvnF$v$D$v%1y$v%1yxe%ZDxe7Fxe9GLebHYe_HtfOIZfgJSgLJKhLJ2jLJAkOIBlRHCmgGVm%gGYm5H1nQHlnzIFn5JaoEJHoYJnphK3qhKVq" /><g i="12" c="268" p="%^xzLyAwLyayvsPBvs" /><g i="13" c="269" p="#^nF_vTE8wdEdwADiwXCiwYAiwUzcvQy5uQy3s%Qyzl%lwzl%lw6j%Qy6j%Qyxg%bCsf%bC6j%9F6j%9Fzl%bCzl%bCArbCHsBCbt$CHtPDHt7EHtxECtXExthFmt%nF_v" /><g i="14" c="270" p="#^UGwpUGHoJGXnzGbncGDmSF3mkFLlOEql6EqlnDqlPCMlfC5mSBGmtBengBZn4BIo4Bwp4B9qdBUqnBDrIBfs2CTsDChtcDHt4EHtVEHtrFht_FTsiGfsCGDrLGUqUG9qUGwp^oKtpoKMsXIxuvHiwYEiwcEiwED9w4D1wECOvcCzvQBevtBVu7Bwu%4Bwu%4BfB%JxfB%Jx6j%WA6j%WAWk%ZAWkHBLjJChjLDPiZEPilGPimHijnINj2JGkKJzl3KOmoK0ooKtp" /><g i="15" c="271" p="#^eN$v%eN3oeNBnaN7n6NEmWMgmKMUllMFlYLqlkLqlCKql6KMlDJ5mkJHm2JgnWI2oPIPoPIHp%PI$v%sF$v%sF5osFznoF5nkFCm7FemWESlxEEl8EqlwDqlLCqlfCPlMBbmuBOmdBon7B8o1BUo1BCp%1B$v%Gx$v%Gx6j%OA6j%OAVk%RAVk3BxkqB9kOBNjhCujMCajmD$iZDPiJEPiyFPi9G$iNGbjdHwjGHQjZHekhIDkuI4lYI7k_Jtj1LPiuMPieNPiZN$iIObjiPKjUPhkeQflBQcmBQMn%BQ$v" /><g i="16" c="272" p="#^UGwpUGVoLGcoDGunkGSm1GemuFQlYEql7EqlfDqlGCRl5CgmKBUmnBwndBdo4BVo4Bsp4BmqgB8rtBVrRBtsdC1tNCmtlDHt4EHtNEHtiFltQF$saGrsxGTrIG7rUGmqUGwp^oKtpoKPsWIzusHiw2FiwODiwNCTvMBrv0Bqu%ZAqu%ZA$v%Jx$v%Jxed%4Bed%4BLk%7BLkoBnkKB1k5CHjyCpj0D7jCDZidEPiZEPinGPioHjjpIPj3JJkKJCl3KRmoK3ooKtp" /><g i="17" c="273" p="#^CGSvQF6wZEcw7EiwfDiwLBiwAAQvpzlvAysuLxztkxisVw1rVwspVw1okxQmLxClxyJkkzQjtAkjDBPi5DPiiEPi6FYiWF4jnGej%4GUlFFHl6FzlAEqlQDqlYCqljCLlGB3mfBDmQAbnCAXnpAHopAwppAkqBA5rOASrdBrsFB$siCltYCHtTDHtsEHt9FxtTFmtsG4t%CGSv" /><g i="18" c="274" p="#^cG$v%cG_ocGdo7Gzn2GUmOFqmyFXl6FHlGEqlZDql4DqlwCSlYBimEBYmkBBncBko4B3p4BEp%4B$v%Jx$v%Jx6j%UA6j%UASk%XASkdBskBB5kZBKjtCsjZC9jCD_igEPi7FPipHPiuIdkzJClzJYn%zJ$v" /><g i="19" c="275" p="#^nG$v%nGeu%kGeuDF5vzEIvwDiw3CiwXAiw6AWvhzxvLySueybuZxftJxjsJxbr%Jx6j%4B6j%4BYp4BGq7BmraB1soBysDB2t3CntvCHtfDHt2EHtCEltaF_swFosTFNr1G_qcGaqcGip%cG6j%zJ6j%zJ$v" /><g i="20" c="276" p="%^Ox$vOxed9Bed9B$v" /><g i="21" c="277" p="#^cGmpcGxo0GPnRF5nvFzmaF1mDEKl5EqloDqlUBql8BzmpAHnpArppAbqAAUqMAAr7B8svBIs0C2tyCotfDotDEotpFmscGjrcGmp^zJMuzJ9wdJoxTIEy4IzziHuA_F0BHEyBLCyBtByBoAjBjz5BiyFA%zyOxWy$xozbySznynAyyUAKypBQyWBXylCXy$CXyLDLywEAy5F0yHFpxXFvwcGBvcGXt%8GXtAFWutEtvnD$v8C$vJA$vKztvLyXu6y3utxatbx_rVwNqVwtpVwjodx7nxxXlbyZkRy$jTzpjWAPinCPicDPiQD_isE9jVEsjnFKjIF6k2GukiGSk%mGSk%mG6j%zJ6j%zJMu" /><g i="22" c="278" p="#^kFXjkFwiIEHh4ERgWCRgkCRgTB6hqBmh8BOhTAeiKAOiCAmjCA_jCACkKAclTANl9BemsBGmUBYmlCenZCen8EenKEkmkFqlkFXj^QIrmQIeouI$p8IMrjHatvGzu6FrvJDiwEBiwBAiwFz6wJyXvZxGv%pyRsezbtYzntHAytrBytwCythD7t3EHszEXr3FbrjFcqzFcpDF4o%zF4o0FUoeEnptDRpaCRpOARpQzppTyYogydoFxunnxwm6xxl6xuk6xxhAyUf2AeeWCeeMEeeWFYe5HGfKHRgnI$hBIujQIYkQIrm" /><g i="23" c="279" p="%^Kx$vKxvseBvseB$v" /><g i="24" c="280" p="%^WDaiSDaixzMpWDMp^hHnshH$vWD$vWDnsownsowxpVCxehHxehHMpvJMpvJns" /><g i="25" c="281" p="%^HC$vHCviKzVk_xDi4DxebGxebG$v" /><g i="26" c="282" p="%^eO$veOAhaOAhtJ$v7G$vqBAhnBAhnB$v0y$v0yxeCDxeMHLrQHLr_LxeBRxeBR$v" /><g i="27" c="283" p="#^9BSw9B8ySA1zAAXz2AuAwz1BNyhB3yyBdxyBRwyBpwuBZvrBCvlB%KvXyrwVyRwNygxFytxnyGx6yKxDxOx9xOxpw%Ox6j%9B6j%9BSw^OxMg%Oxzd%9Bzd%9BMg" /><g i="28" c="284" p="#^xFgnxFImwF0mvFklqFDklFVjbFdj2FxiLE0itEuh0EahADRgWCRg$BRguBvhZA8iJA5jtA1kqA5lnA8mnAYmnAVnpA4prAeqFAgrUAhspB_sXBHtWCHtUDHtqE_sZEhscFirsFjquFcpxF4oxFgn^1Jhn1JQoMIqqwI0sRHktaHEu_FtvOEiwWCiwzBiwBAUvEztvZyMuiy3uTxattxgsexgr0xgqXwfpTweoTwknTwFl9x1krxpi7y7hPyQfZz1f8BeeWCeeQEee0G4fcHVfTHdhyIxiNI8k1JKl1Jhn" /><g i="29" c="285" p="#^ZAvz7Alyoz5xGyRv7ytuBx4thxxr_wZp_wfo_wmmixPkDxgjayWhJyzgrzofaAdeZA5d%9E5d7DFerC5gLBwhkBTiVAdkJAylxATmxAfoxA$qnBKtdCtw9Evz" /></glyphs></font><font id="70" name="Articulate ExtraboldBold Charset1 5dZhyZa9BgR"><glyphs><g i="0" c="256" p="#^nMyv%8MwryK0szJdsAIpsDHpsqGpsqF3sqEIrID3r_CpqACspaCvoaCgnaC5mxC7lUC9kzDtjeEMiaFni6GZhhHZhfIZhiJdimKsiXLaj%mM2fpKtedJhe1I5eZG5ePE5e_CFeaBdfPzogtyyhIxhjYw$kYwhnYwLpSxtrMybteAguIBkvuDPvhFhw4HhwqIhwAJ7wKKZvnMyv" /><g i="1" c="257" p="#^iK$vdKnvaK$u8KDu5Keu3KRt2Kzt2Kht2KYs%2KYn2KtmxJpl0Jlk8IHjhH0j7GJi_EqiJDqitCqicBCiXzNilyqj%ryQmKzimIA5mGBTlJCTl9ETlMEmmoFRmpFAneFvnHEsn9EpnCDpnLCpnzBynoAHnkz9ogyCovxxpLwsqLw0sLwatbx_tDxOukyiv2zOvXz1wRAhwNBhwbDhwbEKvcFav_F_t%EF_tEFguGFLuIFdvKF$v^pFjqpFAqeF4r4FArLEZrqEmsZDCswDRsZCRsfCRsPBysoBesoBGroB0rYBEqxCfqRDfqaEfqHEhqcFiqpFjq" /><g i="2" c="258" p="#^8M7p8MVnLLImnLvlEKzkWJDjRI1jMHqiqGqiQEqitD5j6CLjuB1l%SB1l%SBJi%gxJi%gx8B%cC8B%cCcu%QBcu6CGuBC6v4DyvDDOvaE2wOE9wrFhw3GhwwHhwFIIvPJ7vAK8ulL9tKLTr8MAq8M7p^3Hgp3HKqoGArKFpsDEpsaEpsKDcsiD_rYCCrCCdrpCFqcC5qcCopcCXnVC7nDDjmDEjmHFjmnG6n3HUn3Hgp" /><g i="3" c="259" p="%^PC8hPCpdTxpdTx8h^PC$vPCJiTxJiTx$v" /><g i="4" c="260" p="#^vL$v%vLJnvLJmdLNlXKQkiK4kGJkjHITiIHqilGqiJEqirD6j9COjxB4l%VB4l%VBJi%mxJi%mx$v%iC$v%iCkqiChoYCsnCDCmNECmIFCm7GlnzG4ozGCp%zG$v" /><g i="5" c="261" p="#" /><g i="6" c="262" p="#^_Kfk_Keh1JPf5Hne0Dne%lxne%lx$v%qC$v%qC0q%XD0qzF0qRGEp8Ifp3Jvo$JLnuKGm_KBl_Kfk^VFakVFhleFNlAEhmhDhm%qChm%qC6i%gD6iPD6iiEdiOEki8FzivFNiIFajVFyjVFak" /><g i="7" c="263" p="#^zKUq%zKQpzKoocK3nSJKl3JIkgIFjZG2jHFqiTDqidCqiTAXiyzsjDynkJxhlexzmLwQnLwnpLw$qkxhsVxztXytu_zmvoBQvOChwrEhwIFhwVG4w7IUvoJov%oJSr2Iqs2HEs3GRsfFRsCDRsLCksVBOrKBUq^4GUn%HBUnMB3niComQCJlTDJl0FJlyFom4G3n4GUn" /><g i="8" c="264" p="#^GT$v%GTeoGTWmtTSlhTOkKS0kcSejfRQijQqiSOqirNqibM1jYKEjoKTk4KRj1J8j$HqilGqiDFqiUEAiaEKiyD3jWCnjnCVjQBrkxB4l%VB4l%VBJi%mxJi%mx$v%iC$v%iCfqiCpoUCwnuDCmwECmYECmeFNmwFYmIFgnUFAnZF$n2Gpo2GVo%2G$v%_K$v%_Kfq_KBowLCn3MCmdNCmVNCmjO9nKOHnKOSo%KO$v" /><g i="9" c="265" p="#^8M7p8MWnMLKmpLylGKAkXJCjSI0jNHqioGqiOEqiIDXiDCsjUBmk%cCmk%cC6d%gx6d%gx$v%SB$v%SBJt%tBJtIBfubCMuHCgviDBvWDWvCE5wjFhw$FhwyHhwHIHvRJ5vCK6unL6tLLQr8Mxq8M7p^3Hfp3HEqqGxrNFpsDEps7EpsHDbsfDZrWCArBCaroCDqcC3qcCopcC$nTC9nzDjmDEjmLFjmpG9n3H_n3Hfp" /><g i="10" c="266" p="%^PC$vPC6dTx6dTx$v" /><g i="11" c="267" p="#^PC8h%PCpd%Txpd%Tx8h^PCSv%PCJi%TxJi%TxMvTx2xBxwxkx$xAw$xkw$xaw_x0wZxuvWx%nvaBawkBOwnBqxrB6yrBszrBmA0BgBBAPBRznC6zBC4yPC3xPCSv" /><g i="12" c="268" p="#^eHDiBGvi9GtiJFqitFqi0Eqi2D8j5CRjxB4l%VB4l%VBJi%mxJi%mx$v%iC$v%iCfqiCupsCQoDC9o$CGnnDanVDUmsECmcFCmEFCm0GEmpGFm_GLm" /><g i="13" c="269" p="%^QJgiQJnejwnejwgixAgixA$vCF$vCFgi" /><g i="14" c="270" p="#^vL$v%vLJi%zGJi%zGlozG6s2E6s5D6sHClriCzqiC7p%iCJi%mxJi%mx3rmxNrzxHsMxBtlypuXycvXzLvXAhwwChw0EhwlFEvGG$ukHEt%YGEt%YG$v" /><g i="15" c="271" p="#^rM$v%NK1rvKjqgKEp1KYoIJkouJQn2JwnDIcnmI7n%mIsnZJ3nOKUlELJkELXiELMhaLVgIK1gUJuf4JWe1IFe$GneSFne%txne%tx$v%yC$v%yCdp%jDdpUDdphEppHEAp0F$plFpqDF8rWFSrfGys%eH$v^zGNjzGiknGDkbGXkQF8luFklZEpltEulRDul%yCul%yC6i%CD6idE6iOEcinFhiLFti7GFilGZizGhjzGNj" /><g i="16" c="272" p="%^jK$vjKfsyCfsyCToDJToDJ8lyC8lyC6i2K6i2Knetxnetx$v" /><g i="17" c="273" p="%^oP$vJIneMCnebw$vgB$vCClsGIlsYJ$v^wHCoLDCoTFpiyFpi" /><g i="18" c="274" p="#^tO6ntOGkJN_i_MihDLgggKeflIPerGne6Ene%Bxne%Bx$v%3E$vsG$voIuvkKZuGLTt0NNsKN5rtOpptO6n^eJcneJKoLIIphIFqyHbrQGJrXFWr2F6seE6s%GC6s%GCgi%dEgiQEgiIFqiBGAimH5j8ICjHIBkeJzleJcn" /><g i="19" c="275" p="%^YNnehIne7FflWBnegwneBCnpBC$vGH$vGHmp" /></glyphs></font><font id="80" name="CalibriBold Charset1 6XvMJXsrFHz"><glyphs><g i="0" c="698" p="#^7Qzv7QGv2QNv_PTvOPXvDP$vkP1w2P4wBO4w8O4wRN1wzN$voNXvdNTv8NNv4NGv4Nzv%4NIi%2NIi%uIyvrIIvkIPvdIVv0IZvQH1wxH2wfH4wQG4wqG4w7G2wQF0wEFYvsFTvlFNveFGvcFyv%NAIi%MAIi%MAzvMAGvHANvDATvrAXvfA$vZz1wHz4wez4wNy4wuy1wcy$v0yXvRxTvNxNvJxGvJxzv%JxuhJxSg2yxgnycgWycg%0BcgABcg_BigoCngHCBg_CPgaD9hnDvhwD0i%XGrr%_Grr%vK2iGKxhSKah2LPgiLBgyLngULigeMcgHMcg%ROcgaPcgpPhgFPmgOPxgYPIg1QXg7Qah7Quh" /><g i="1" c="880" p="#^BHPpBHnqlHFq5HWqEGWq%1AWq1ACrbAbsmALsJA9t4BytEBMtcCZt$CZtODZtpESt0FKtsFBtVFrtcGktvGdtHGdtOGdtSGgtXGit_Gpt1Hwt2HJt4HWt4Hdu4Huu3HHu2HTu0H0v$G8vYGevVGkvPGqvKGvvnGEv1GNvuFWvXE3wdEawwDhwJChwgBhwaAWv4zyvlyOuDx2ugxWsVwNrVwfqVwOohxEnFxtmnyFl5zRk7Aqk9B$jsC$jPD$jNEpkLFOknGwl$GdmiHcnBHaoBHkp^CEXoEEEn4EVmxDamnCamNBamlBomWACmEA_mmAlncASn2Amo1AXo" /><g i="2" c="881" p="#^XHAvXHIvSHOvNHUvCHYvrH0w8H2wRG4wpG4wXF4wEF2wmF0wbFYv0FUvXEOvTEIvTEAv%TEmpTEzoLE7oEEGnpElnbE0nRDRmvDGm1DGmsCGmRB5nfBwnCAlo%CAAvCAIvxAOvsAUvgAYv5A0wOz2wwz4w3z4wCy4wjy2w1y0wRxYvGxUvBxOvxxIvxxAv%xxHkxxzkAxtkExnkOxjkZxfkdyektyckRyckezckuzekLzfkUzjk1Ank5Atk9Azk9AHk%9AXl2BZk_BukWC$jXD$j2F$jPFmkAGJk2HmlwH_lJHQmXHGnXHSo" /><g i="3" c="882" p="#^_Dvu_D2vVDlvRDDvKDKvDDRvpDXvbD1wVC5wDCawhCcwYBfwCBfwHAfw0A0wlzNvVyivtyPugy4u3ylt3yls%3yMm%LwMmwwMmowumhwbmhwvlhw9liwWkkwGkowxkswokywlkEwhkMwhk%3yhk%3yRh3yJh7yDhbyxhmythyyohQynh7zlhAzlh1AlhkAnhDAohOAthZAxh2BDh7BJh7BRh%7Bhk%uDhkCDhkIDlkODokSDxkWDGkYDWk_D9l_Dvl_DbmSDumKDMmvDMm%7BMm%7BTr7BMsoBdtGBGtpCGtECGtQCDt1DAtbDxtlDttrDrtyDotEDotIDotMDrtRDttTDBtWDJtYDYt_Dau_Dvu" /><g i="4" c="883" p="#^THAvTHIvPHOvLHUvBHYvrH0wbH2wXG4wzG4w9G4wVF2wFF0wwFYvnFUvjFOvfFIvfFAv%fFkulEivpDOvtChwtBhwlAhwAzWvQyyvlyVuTxguGxrtuxBsuxmr%uxHkuxzkyxtkCxnkNxjkZxfkgyekzyck$yckrzckKzek1AfkcAjkoAnktAtkyAzkyAHk%yARqyAIrFA9sMABs_AWsdBftzBrtVBCtnCCtZCCtyDbt8ELsQEWr%QEHkQEzkUEtkYEnk7FjkjFfkBFekUFcklGckOGck4HeknHfkyHjkJHnkOHtkTHzkTHHk" /><g i="5" c="886" p="#^FHBvFHJvAHPvwHVvkHZv9H0wRG2wyG4w3G4wzF4wfF2wXE0wKEZvxEVvqEPvjEJveEzv%CAPp%CAAvCAIvxAOvsAUvgAYv5A0wOz2wwz4w3z4wCy4wjy2w1y0wRxYvGxUvBxOvxxIvxxAv%xxwfxxofBxifGxcfRx8f1y3fjy1fCy$e3z$ewz$eOz1f5A3fgA8fsAcfxAifCAofCAwf%CA4p%QDLkWDBk1Euk9EnkmEjkzEfkSEek9FckDFck4GckoGekIGfkUGjk4Hnk9HtkeHzkeHIkeHTk8H5l2HilSGxl%HD8p%nHRuwH5vAHhvFHsvFHBv" /><g i="6" c="887" p="#^PGDvPGOvHGUvzG_viG1w1G4wwF4wZE4wJE1wtE_vmEUvgEOvgEDv%gELuBDtvKCTvTBhwQAhwYzhwdz2wvyQvZxovrxXu8xhuSwCtSwKsSwNrdx4rBxnqkyWp4ztpaAfpgB1pKC1p%OD1p%ODmoODRnHDtnAD4nlDQm6DzmICsmjCkmJBkmYAkmlAvmLzGmhzTmPy4nvygnbyrn$xrnSxrnLxmnFxgnAx6nwxXmuxJmsxumsxcmsxPlvxBlzxnlKxclVx1lkyPkMyBkkzpkVzdkAA6kgB$j_B$jhD$jbEfk5FvkGF0lgGxlxGmmPGanPGio^ODYq%CCYqTBYqlB3rPAaruAor9ACr$zWrSzesSzEsSzjthAJtJA6uuB6u8C6uHCNteDrtODPs" /><g i="7" c="888" p="#" /><g i="8" c="889" p="#^FKOuOKevQKvvTKLvKKUvCK0wgK2wWJ4wkJ4wHI4wlI2w$H1wPH_vEHWvzHQvvHKvsHzv%oGos%rAos%rzuvozFvjzNvezUv3zYvUy0wzy2wey4wJx4w9x4wQw1www$vowSvgwJviwsvlwbvuwNu%nBLgrBygxBqgEBhgRBdg3C9grC8gQC7grD7g9E7gAE8g0F9gfFdgvFhgBFqgIFzgNFOg^pDcj%oDcj%aBWp%DFWp" /><g i="9" c="895" p="#^lHrllH1mcHjm4HBmTGBm%BFBmTFTm_Ffn5GDn5G1o5G_oNFKptFtqTE_qhEurrDLrCC0sAB0s3B0sAAUr6ALrRzArHzKrAzYrtzastzrstzOsNz1t5AftFAht%iDnteEptYEEtHFStaGguGGGuXGfvcHQvcHywcHlxRG3yuGNyNFiz4FQz$D8AXCsAwBsA7AsA8zdA9y$zwxCzUwdzCwGykw8ykwuxkw5xqwJwxwmwKw0wXwHvdxovwx4vUxOunxwu4x1uOwytOw_sOwgs7xGrsx4r_xCqzxaqixAp2x_o2x4o2x7nnxnmJxDljy6lVyBkKzkkzA2kAB2k4C2kyC6k1D9kqDhk%TGhk5HhkdHyklHPklHrl^pD0opD8nVCFmqCamxBam4BamKAkmpAtmaAKmYz$mRzlnKzHnKz4oKzVodAopIATpABTp1CTpnCKpJCApXCkpaD3phDKopDoopD0o^7EJw7EawHDTvfDAvtCyv%iAvvZzJvNzXvBz9wtzlwmzywjzJwhzVwhz6xhzJxUz1ywAmyEBmylCmyPCdyiD4yADRxTDCx$Djx7E1x7EJw" /><g i="10" c="896" p="#^RAXvRAdxCA0yoAPyXzlzvzUzQyaA9ysAgxsAMwsApwnA2wjAUveAJv9AGv2ACvXzBvOzzvFzzvuzyvjzyv1zyvHyzvsyAveyDv5yGvYxKvUxOvRxUvRxYvRx8wTxkwVxywVxTwVx5xOxkxIxtxuxDxhxIxXwNxCwNxTv%NxIkNxBkRxvkWxpk5ylkgygkyyekRyckizckLzck1AekkAgkvAlkHApkMAvkRABkRAIk^4B$g4BWhIAhikAEihzEifyEiUxiixxYhxx3hxx8gVxNfhyqfjzqflAqfIAMf4B6g4B$g" /><g i="11" c="897" p="#^yI0qyIqraIzsPHIt3HyujGnvbFQv4EhwzChw6Bhw1ATvZytvfyIuyxWtcxPsTwHrTwfqTwRoexInCxymmyJl6zUkdAskkB$jRC$jiE$jnFoksGNk9HzlSHkmcIsnyIzoyI0q^oF8qoFkpfFFo7F_nPEunwEZm$DImvDqmKCqm2CqmxBGm0BWmHApnmATnbAzo1Aep1A6q1AVq9ABriAgsBAMsUAgtpBytWBQtGCQtnDQtUDAtpEjtKERs3FmsdFHroF0roF8q" /><g i="12" c="898" p="#^THAvTHJvPHPvLHVvBHZvsH0wbH2wXG4wBG4wcG4wYF2wIF0wyFZvpFVvkFPvgFJvgFAv%gFnuqEgvvDNvAChwsBhwdAhwlzOvuyjvXxvupxGt9xAsWwurWwhqWwQodxGnxxvm7yHlKyTkDzrkwA$jHB$jBC$jlDnk5EKkQEsl%QEzfQErfUElfYEff7FbfjF6fBF4fUF2flG2fOG2f4H4fnH6fyHbfJHffOHlfTHrfTHzf^QEio9EtnyD1nYCBmiCBmHBBmfBUmQAbnzAHniAboaAPo2Aqp2A4q2ALq9AprgA2swAzsMA3taBntBBHteCHtyCHtRCBt8DvtsDitMD4t5ELsqEpsQEWr" /><g i="13" c="899" p="#^XHAvXHIvSHOvNHUvCHYvrH0w8H2wRG4wpG4wXF4wEF2wmF0wbFYv0FUvXEOvTEIvTEAv%TEmpTEzoLE7oEEGnpElnbE0nRDRmvDGm1DGmsCGmRB5nfBwnCAlo%CAAvCAIvxAOvsAUvgAYv5A0wOz2wwz4w3z4wCy4wjy2w1y0wRxYvGxUvBxOvxxIvxxAv%xxwfxxofBxifGxcfRx8f1y3fjy1fCy$e3z$ewz$eOz1f5A3fgA8fsAcfxAifCAofCAwf%CAyloBMkdCok2D$jXD$j2F$jPFmkAGJk2HmlwH$lJHRmXHHnXHVo" /><g i="14" c="907" p="#^CAAvCAIvxAOvsAUvgAYv5A0wOz2wwz4w3z4wCy4wjy2w1y0wRxYvGxUvBxOvxxIvxxAv%xxwfxxofBxifGxcfRx8f1y3fjy1fCy$e3z$ewz$eOz1f5A3fgA8fsAcfxAifCAofCAwf" /><g i="15" c="909" p="#^SOAvSOIvNOOvIOUvxOYvmO0w3O2wNN4wkN4wSM4wzM2whM0w5MYvWLUvSLOvOLIvOLAv%OL7pOLzoHL7oALGnmLln9L0nQKRmwKGm3KGmwJGmYI5noIwnKHlo%KHAvKHIvFHOvAHUvoHYvdH0wWG2wDG4wcG4wLF4wsF2waF0w_EYvPEUvKEOvGEIvGEAv%GE7pGEzozE7osEGnfEln2E0nIDRmnDGmXCGmnCGmPB5nfBwnCAlo%CAAvCAIvxAOvsAUvgAYv5A0wOz2wwz4w3z4wCy4wjy2w1y0wRxYvGxUvBxOvxxIvxxAv%xxHkxxzkAxtkExnkOxjkZxfkdyektyckRyckezckuzekLzfkUzjk1Ank5Atk9Azk9AHk%9AXl2BZkXBukRC$jQD$jvE$j1F8kAFgk$FxkqGOkJGal1HxleH_lKHslcI4lGIIk7JtkAJdk1K6kvK$jZK$j3M$jOMmkyNJk$NmltO_lFOQmSOGnSOCo" /><g i="16" c="930" p="#^vIZpvIqrbIBsTHMtgHAuGGovNFRvUEhwKDhwgDhwSCbwtC5w5CVvJBJvmBrv$A9vCAMu%CAVzCA1AxA7AsAdAgAhA5AmAOzoAwzrA3zrACyrAjyoA1ymARxhAGxdABx7Axx1AxxVz%xxHkxxzkAxtkExnkOxjkYxfkcyeksyckQyckczckszekIzfkRzjk$znk3Atk7Azk7AHk%7AZlCAul3B6lwBKk_BuktCekZC7kuD$j3E$jfF$j5GtkXGXktHLl$HzmfIFnvIKovIZp^iFcqiFvpbFSo4FdoQEJnAEdnaEWmMDDm9DDmRCDmyCJmfCOmXB0nDBdniBynZATnCAmo%CAYrfBMsQBdtqCGt3DGtFDGt4EmtvE2tMEzs1F3s9FrriFPqiFcq" /><g i="17" c="975" p="#^9Jfr9J5sWINsHIttgI$tSHwuiHUuKGgv2GwvmFMvAEUvPD$vSC$v%Fy$vgy$v_xMvJxwvJx_u%JxchJxGg_xrggycgFycg%DCcg4Ecg4Fsg5GHgNGbhuHGhRHridIbjdIckdINk3IilWHOlEHdmmHDmXGXmxGfn0GsnHGAnfHUnPHboeIGoFI9pVIPp9Jsq9Jfr^0FBk0F7kSELjJEnjqE7j7ETiGDLieDCiuCCi%TACi%TAIm%FCImmDImMDxmbEmmsE4mKEOlTEql0F1l0FBk^QFmrQFPqEFnqsFXp5FFpLEmpcEcpFD2pMC2p%TA2p%TAyt%bDytSDytjEptMEgt5F_srFIsDFisQFUrQFmr" /><g i="18" c="1159" p="#^xEIlxE8mvEqmtEImqESmnE0niE4ndE8n5E8n$D8nTD5nLD2nBD$msDYmgDWm4DTmSCTmCCTmlC_m5C4nPBinyBwneBUnXAfoCANo%CAAvCAIvxAOvsAUvgAYv5A0wOz2wwz4w3z4wCy4wjy2w1y0wRxYvGxUvBxOvxxIvxxAv%xxHkxxzkAxtkExnkOxjkZxfkdyektyckRyckezckuzekLzfkUzjk1Ank5Atk9Azk9AHk%9A2mAArlYA2lkBEkGBpk0CaklC5kHC$j2D$jcD$joD0kAD1kMD4kZD6k6EakfEdkjEhkoElkqEqksEuktEDkvELkwE0lxEglxEIl" /><g i="19" c="1300" p="#^4Hfr4HvsCGrt8GnulF0vzEEvvDZvrChwdBhwpAhwIz8w$y$vsyPvWxDvzxqvcxcv2x2vUwUuQwBuMwhuMwJtMwltNw5tPwQsSwGsWwws$wss5xosdxosoxosIxBs0yNsvy1t$yhtGzutlAHteBHtQBHthCytLCpt4D9tpDUsADwsLD8sLDGrLD8rsDLq9DmqHC3qdCMpCBvp0BepnAYoLzFo8zhoyyVn4yonCxTmjxam1xsl1xtk1xkjrxtiSxChAy2hiztggAcgeBWfjCWfTCWfrD$f$D4guEeg_EngmFzgKFLgSFTg_F$g0G4h3G9h5Gih7Grh8GFh9GTh9Gbi9Gyi7GOi6G1j3Gbj1GljYFqjTFvjJFvjBFvjiFkj$E9jAEYi9ELiBDBi2DqinCqiRBqisByi3BGiOAViyA7jqAsjiAMjiA6kiAEkAA1lSApllBIlQB$lrCgm2DxmGDQmjE6nWEunxFSn$FoouGVoNGCp4Hiq4Hfr" /><g i="20" c="1301" p="#^xI_kxIkm6ImnHHnoUG4p6GNpYE9qODwqeCwq%WAwq%WAzvWAGvQANvLATvzAXvoA$v4A1wNz4wjz4wRy4wxy1wdy$v1yXvSxTvNxNvJxGvJxzv%JxlhJxMg0yugjycgOycg%wCcg4DcgADfg5EhgOEqgwFzgeGXgZGjhtHVh_HuifIgjxI1kxI_k^aFdlaFokTESjAEkj8E4jJDPifDLiNCHihCHi%WAHi%WA1o%mC1o7D1oEDQn9ECnuEenQESm$ElmaFQlaFdl" /><g i="21" c="1302" p="#^9FKu9F5v6Flv4FBv$EKvXETvREXvME$vEE$v%wx$vbx$v0xNvRwyvRw2v%RwuuRwguSw5uTwWtWwLt_wAt4xqtaxftjx1t%oBLm%xxLmixLm9xsm1x9m1xwl1x9l2xWk4xGk8xxkcxokixlkpxhkxxhk%aEhklEhktEjkBElkGEskLEykOEJkREUkRE8l%REKlRE_lPEamNEmmKExmHEImBETmvE2noEfn%lAxt%EExtLExtREAtXEDt$EMt4FUt6F7u9Fmu9FKu" /></glyphs></font></bwFonts>